SystemCodeNumber,LastUpdated,PM10
linkoping,2018-09-25 16:30:00,15.566000
linkoping,2018-09-25 16:15:00,13.666000
linkoping,2018-09-25 16:00:00,11.553000
linkoping,2018-09-25 15:45:00,10.939000
linkoping,2018-09-25 15:30:00,12.126000
linkoping,2018-09-25 15:15:00,12.046000
linkoping,2018-09-25 15:00:00,13.459000
linkoping,2018-09-25 14:45:00,13.333000
linkoping,2018-09-25 14:30:00,11.859000
linkoping,2018-09-25 14:15:00,10.946000
linkoping,2018-09-25 14:00:00,11.006000
linkoping,2018-09-25 13:45:00,13.099000
linkoping,2018-09-25 13:30:00,11.153000
linkoping,2018-09-25 13:15:00,7.919000
linkoping,2018-09-25 13:00:00,9.393000
linkoping,2018-09-25 12:45:00,10.159000
linkoping,2018-09-25 12:30:00,11.853000
linkoping,2018-09-25 12:15:00,5.119000
linkoping,2018-09-25 12:00:00,10.219000
linkoping,2018-09-25 11:45:00,11.686000
linkoping,2018-09-25 11:30:00,17.939000
linkoping,2018-09-25 11:15:00,15.753000
linkoping,2018-09-25 11:00:00,17.159000
linkoping,2018-09-25 10:45:00,10.813000
linkoping,2018-09-25 10:30:00,12.133000
linkoping,2018-09-25 10:15:00,6.233000
linkoping,2018-09-25 10:00:00,6.966000
linkoping,2018-09-25 09:45:00,7.866000
linkoping,2018-09-25 09:30:00,6.019000
linkoping,2018-09-25 09:15:00,4.959000
linkoping,2018-09-25 09:00:00,3.019000
linkoping,2018-09-25 08:45:00,9.439000
linkoping,2018-09-25 08:30:00,12.619000
linkoping,2018-09-25 08:15:00,16.046000
linkoping,2018-09-25 08:00:00,16.519000
linkoping,2018-09-25 07:45:00,15.526000
linkoping,2018-09-25 07:30:00,11.233000
linkoping,2018-09-25 07:15:00,13.166000
linkoping,2018-09-25 07:00:00,17.106000
linkoping,2018-09-25 06:45:00,15.886000
linkoping,2018-09-25 06:30:00,18.493000
linkoping,2018-09-25 06:15:00,21.853000
linkoping,2018-09-25 06:00:00,17.793000
linkoping,2018-09-25 05:45:00,17.399000
linkoping,2018-09-25 05:30:00,17.666000
linkoping,2018-09-25 05:15:00,17.426000
linkoping,2018-09-25 05:00:00,16.659000
linkoping,2018-09-25 04:45:00,15.599000
linkoping,2018-09-25 04:30:00,11.119000
linkoping,2018-09-25 04:15:00,8.643000
linkoping,2018-09-25 04:00:00,6.433000
linkoping,2018-09-25 03:45:00,5.593000
linkoping,2018-09-25 03:30:00,5.899000
linkoping,2018-09-25 03:15:00,5.239000
linkoping,2018-09-25 03:00:00,5.379000
linkoping,2018-09-25 02:45:00,4.226000
linkoping,2018-09-25 02:30:00,4.899000
linkoping,2018-09-25 02:15:00,4.493000
linkoping,2018-09-25 02:00:00,4.259000
linkoping,2018-09-25 01:45:00,5.733000
linkoping,2018-09-25 01:30:00,5.079000
linkoping,2018-09-25 01:15:00,5.353000
linkoping,2018-09-25 01:00:00,3.893000
linkoping,2018-09-25 00:45:00,4.613000
linkoping,2018-09-25 00:30:00,4.073000
linkoping,2018-09-25 00:15:00,3.733000
linkoping,2018-09-24 22:45:00,3.979000
linkoping,2018-09-24 22:30:00,4.599000
linkoping,2018-09-24 22:15:00,4.533000
linkoping,2018-09-24 22:00:00,5.146000
linkoping,2018-09-24 21:45:00,4.526000
linkoping,2018-09-24 21:30:00,4.286000
linkoping,2018-09-24 21:15:00,4.053000
linkoping,2018-09-24 21:00:00,4.793000
linkoping,2018-09-24 20:45:00,4.173000
linkoping,2018-09-24 20:30:00,3.479000
linkoping,2018-09-24 20:15:00,3.973000
linkoping,2018-09-24 20:00:00,5.533000
linkoping,2018-09-24 19:45:00,5.453000
linkoping,2018-09-24 19:30:00,5.733000
linkoping,2018-09-24 19:15:00,5.919000
linkoping,2018-09-24 19:00:00,5.566000
linkoping,2018-09-24 18:45:00,6.713000
linkoping,2018-09-24 18:30:00,6.546000
linkoping,2018-09-24 18:15:00,7.059000
linkoping,2018-09-24 18:00:00,7.766000
linkoping,2018-09-24 17:45:00,9.566000
linkoping,2018-09-24 17:30:00,8.266000
linkoping,2018-09-24 17:15:00,7.693000
linkoping,2018-09-24 17:00:00,8.973000
linkoping,2018-09-24 16:45:00,10.733000
linkoping,2018-09-24 16:30:00,9.533000
linkoping,2018-09-24 16:15:00,8.953000
linkoping,2018-09-24 16:00:00,10.726000
linkoping,2018-09-24 15:45:00,13.859000
linkoping,2018-09-24 15:30:00,13.266000
linkoping,2018-09-24 15:15:00,9.813000
linkoping,2018-09-24 15:00:00,8.586000
linkoping,2018-09-24 14:45:00,9.299000
linkoping,2018-09-24 14:30:00,8.693000
linkoping,2018-09-24 14:15:00,9.479000
linkoping,2018-09-24 14:00:00,11.573000
linkoping,2018-09-24 13:45:00,13.973000
linkoping,2018-09-24 13:30:00,14.079000
linkoping,2018-09-24 13:15:00,9.893000
linkoping,2018-09-24 13:00:00,7.333000
linkoping,2018-09-24 12:45:00,5.999000
linkoping,2018-09-24 12:30:00,10.193000
linkoping,2018-09-24 12:15:00,8.866000
linkoping,2018-09-24 12:00:00,6.493000
linkoping,2018-09-24 11:45:00,7.986000
linkoping,2018-09-24 11:30:00,7.999000
linkoping,2018-09-24 11:15:00,7.346000
linkoping,2018-09-24 11:00:00,9.266000
linkoping,2018-09-24 10:45:00,12.006000
linkoping,2018-09-24 10:30:00,10.899000
linkoping,2018-09-24 10:15:00,11.739000
linkoping,2018-09-24 10:00:00,10.866000
linkoping,2018-09-24 09:45:00,7.399000
linkoping,2018-09-24 09:30:00,5.559000
linkoping,2018-09-24 09:15:00,7.466000
linkoping,2018-09-24 09:00:00,5.239000
linkoping,2018-09-24 08:45:00,6.153000
linkoping,2018-09-24 08:30:00,7.306000
linkoping,2018-09-24 08:15:00,6.899000
linkoping,2018-09-24 08:00:00,8.099000
linkoping,2018-09-24 07:45:00,11.306000
linkoping,2018-09-24 07:30:00,6.506000
linkoping,2018-09-24 07:15:00,10.013000
linkoping,2018-09-24 07:00:00,8.953000
linkoping,2018-09-24 06:45:00,8.819000
linkoping,2018-09-24 06:30:00,9.499000
linkoping,2018-09-24 06:15:00,9.613000
linkoping,2018-09-24 06:00:00,10.986000
linkoping,2018-09-24 05:45:00,9.713000
linkoping,2018-09-24 05:30:00,8.653000
linkoping,2018-09-24 05:15:00,8.613000
linkoping,2018-09-24 05:00:00,7.073000
linkoping,2018-09-24 04:45:00,7.306000
linkoping,2018-09-24 04:30:00,6.499000
linkoping,2018-09-24 04:15:00,5.218000
linkoping,2018-09-24 04:00:00,4.039000
linkoping,2018-09-24 03:45:00,2.886000
linkoping,2018-09-24 03:30:00,3.106000
linkoping,2018-09-24 03:15:00,2.359000
linkoping,2018-09-24 03:00:00,0.639000
linkoping,2018-09-24 02:45:00,2.879000
linkoping,2018-09-24 02:30:00,5.206000
linkoping,2018-09-24 02:15:00,3.833000
linkoping,2018-09-24 02:00:00,4.699000
linkoping,2018-09-24 01:45:00,3.293000
linkoping,2018-09-24 01:30:00,1.153000
linkoping,2018-09-24 01:15:00,1.193000
linkoping,2018-09-24 01:00:00,3.686000
linkoping,2018-09-24 00:45:00,2.499000
linkoping,2018-09-24 00:30:00,8.746000
linkoping,2018-09-24 00:15:00,2.466000
linkoping,2018-09-23 22:45:00,6.766000
linkoping,2018-09-23 22:30:00,6.319000
linkoping,2018-09-23 22:15:00,5.806000
linkoping,2018-09-23 22:00:00,4.679000
linkoping,2018-09-23 21:45:00,3.766000
linkoping,2018-09-23 21:30:00,4.579000
linkoping,2018-09-23 21:15:00,5.519000
linkoping,2018-09-23 21:00:00,6.366000
linkoping,2018-09-23 20:45:00,5.159000
linkoping,2018-09-23 20:30:00,6.939000
linkoping,2018-09-23 20:15:00,8.726000
linkoping,2018-09-23 20:00:00,7.946000
linkoping,2018-09-23 19:45:00,9.146000
linkoping,2018-09-23 19:30:00,8.213000
linkoping,2018-09-23 19:15:00,7.259000
linkoping,2018-09-23 19:00:00,6.986000
linkoping,2018-09-23 18:45:00,7.119000
linkoping,2018-09-23 18:30:00,7.273000
linkoping,2018-09-23 18:15:00,8.119000
linkoping,2018-09-23 18:00:00,8.439000
linkoping,2018-09-23 17:45:00,8.879000
linkoping,2018-09-23 17:30:00,7.426000
linkoping,2018-09-23 17:15:00,6.153000
linkoping,2018-09-23 17:00:00,6.859000
linkoping,2018-09-23 16:45:00,5.366000
linkoping,2018-09-23 16:30:00,5.886000
linkoping,2018-09-23 16:15:00,6.519000
linkoping,2018-09-23 16:00:00,5.619000
linkoping,2018-09-23 15:45:00,5.686000
linkoping,2018-09-23 15:30:00,6.486000
linkoping,2018-09-23 15:15:00,6.659000
linkoping,2018-09-23 15:00:00,6.273000
linkoping,2018-09-23 14:45:00,5.959000
linkoping,2018-09-23 14:30:00,7.026000
linkoping,2018-09-23 14:15:00,9.526000
linkoping,2018-09-23 14:00:00,4.919000
linkoping,2018-09-23 13:45:00,5.339000
linkoping,2018-09-23 13:30:00,2.533000
linkoping,2018-09-23 13:15:00,3.633000
linkoping,2018-09-23 13:00:00,3.173000
linkoping,2018-09-23 12:45:00,6.519000
linkoping,2018-09-23 12:30:00,5.946000
linkoping,2018-09-23 12:15:00,6.846000
linkoping,2018-09-23 12:00:00,5.939000
linkoping,2018-09-23 11:45:00,6.913000
linkoping,2018-09-23 11:30:00,7.333000
linkoping,2018-09-23 11:15:00,6.673000
linkoping,2018-09-23 11:00:00,5.033000
linkoping,2018-09-23 10:45:00,6.093000
linkoping,2018-09-23 10:30:00,6.979000
linkoping,2018-09-23 10:15:00,8.946000
linkoping,2018-09-23 10:00:00,10.053000
linkoping,2018-09-23 09:45:00,9.526000
linkoping,2018-09-23 09:30:00,9.186000
linkoping,2018-09-23 09:15:00,8.379000
linkoping,2018-09-23 09:00:00,8.459000
linkoping,2018-09-23 08:45:00,9.333000
linkoping,2018-09-23 08:30:00,9.666000
linkoping,2018-09-23 08:15:00,9.259000
linkoping,2018-09-23 08:00:00,11.533000
linkoping,2018-09-23 07:45:00,11.766000
linkoping,2018-09-23 07:30:00,13.879000
linkoping,2018-09-23 07:15:00,13.453000
linkoping,2018-09-23 07:00:00,13.073000
linkoping,2018-09-23 06:45:00,13.833000
linkoping,2018-09-23 06:30:00,12.739000
linkoping,2018-09-23 06:15:00,14.053000
linkoping,2018-09-23 06:00:00,13.313000
linkoping,2018-09-23 05:45:00,13.059000
linkoping,2018-09-23 05:30:00,13.219000
linkoping,2018-09-23 05:15:00,13.059000
linkoping,2018-09-23 05:00:00,13.019000
linkoping,2018-09-23 04:45:00,11.879000
linkoping,2018-09-23 04:30:00,10.446000
linkoping,2018-09-23 04:15:00,10.706000
linkoping,2018-09-23 04:00:00,9.573000
linkoping,2018-09-23 03:45:00,11.273000
linkoping,2018-09-23 03:30:00,10.206000
linkoping,2018-09-23 03:15:00,9.379000
linkoping,2018-09-23 03:00:00,9.526000
linkoping,2018-09-23 02:45:00,7.613000
linkoping,2018-09-23 02:30:00,8.079000
linkoping,2018-09-23 02:15:00,10.219000
linkoping,2018-09-23 02:00:00,8.473000
linkoping,2018-09-23 01:45:00,6.846000
linkoping,2018-09-23 01:30:00,7.666000
linkoping,2018-09-23 01:15:00,7.686000
linkoping,2018-09-23 01:00:00,8.606000
linkoping,2018-09-23 00:45:00,8.346000
linkoping,2018-09-23 00:30:00,8.139000
linkoping,2018-09-23 00:15:00,7.553000
linkoping,2018-09-22 22:45:00,5.326000
linkoping,2018-09-22 22:30:00,6.746000
linkoping,2018-09-22 22:15:00,10.339000
linkoping,2018-09-22 22:00:00,6.806000
linkoping,2018-09-22 21:45:00,5.399000
linkoping,2018-09-22 21:30:00,5.579000
linkoping,2018-09-22 21:15:00,5.326000
linkoping,2018-09-22 21:00:00,6.026000
linkoping,2018-09-22 20:45:00,6.926000
linkoping,2018-09-22 20:30:00,4.366000
linkoping,2018-09-22 20:15:00,4.106000
linkoping,2018-09-22 20:00:00,5.659000
linkoping,2018-09-22 19:45:00,6.019000
linkoping,2018-09-22 19:30:00,7.533000
linkoping,2018-09-22 19:15:00,7.873000
linkoping,2018-09-22 19:00:00,7.653000
linkoping,2018-09-22 18:45:00,9.673000
linkoping,2018-09-22 18:30:00,8.453000
linkoping,2018-09-22 18:15:00,9.319000
linkoping,2018-09-22 18:00:00,9.199000
linkoping,2018-09-22 17:45:00,10.406000
linkoping,2018-09-22 17:30:00,9.366000
linkoping,2018-09-22 17:15:00,7.446000
linkoping,2018-09-22 17:00:00,5.986000
linkoping,2018-09-22 16:45:00,8.106000
linkoping,2018-09-22 16:30:00,8.939000
linkoping,2018-09-22 16:15:00,9.939000
linkoping,2018-09-22 16:00:00,6.906000
linkoping,2018-09-22 15:45:00,9.686000
linkoping,2018-09-22 15:30:00,12.199000
linkoping,2018-09-22 15:15:00,14.986000
linkoping,2018-09-22 15:00:00,14.266000
linkoping,2018-09-22 14:45:00,17.913000
linkoping,2018-09-22 14:30:00,15.899000
linkoping,2018-09-22 14:15:00,38.853000
linkoping,2018-09-22 14:00:00,-11.519000
linkoping,2018-09-22 13:45:00,20.466000
linkoping,2018-09-22 13:30:00,15.859000
linkoping,2018-09-22 13:15:00,18.026000
linkoping,2018-09-22 13:00:00,18.293000
linkoping,2018-09-22 12:45:00,17.159000
linkoping,2018-09-22 12:30:00,17.179000
linkoping,2018-09-22 12:15:00,19.379000
linkoping,2018-09-22 12:00:00,20.013000
linkoping,2018-09-22 11:45:00,27.113000
linkoping,2018-09-22 11:30:00,28.719000
linkoping,2018-09-22 11:15:00,26.246000
linkoping,2018-09-22 11:00:00,30.866000
linkoping,2018-09-22 10:45:00,33.993000
linkoping,2018-09-22 10:30:00,37.406000
linkoping,2018-09-22 10:15:00,27.639000
linkoping,2018-09-22 10:00:00,24.026000
linkoping,2018-09-22 09:45:00,22.766000
linkoping,2018-09-22 09:30:00,28.893000
linkoping,2018-09-22 09:15:00,22.299000
linkoping,2018-09-22 09:00:00,25.286000
linkoping,2018-09-22 08:45:00,29.019000
linkoping,2018-09-22 08:30:00,27.639000
linkoping,2018-09-22 08:15:00,29.459000
linkoping,2018-09-22 08:00:00,30.813000
linkoping,2018-09-22 07:45:00,24.413000
linkoping,2018-09-22 07:30:00,22.613000
linkoping,2018-09-22 07:15:00,17.399000
linkoping,2018-09-22 07:00:00,21.159000
linkoping,2018-09-22 06:45:00,21.726000
linkoping,2018-09-22 06:30:00,21.353000
linkoping,2018-09-22 06:15:00,24.279000
linkoping,2018-09-22 06:00:00,26.553000
linkoping,2018-09-22 05:45:00,28.279000
linkoping,2018-09-22 05:30:00,18.959000
linkoping,2018-09-22 05:15:00,20.086000
linkoping,2018-09-22 05:00:00,20.359000
linkoping,2018-09-22 04:45:00,16.566000
linkoping,2018-09-22 04:30:00,13.626000
linkoping,2018-09-22 04:15:00,14.862000
linkoping,2018-09-22 04:00:00,12.059000
linkoping,2018-09-22 03:45:00,11.839000
linkoping,2018-09-22 03:30:00,11.966000
linkoping,2018-09-22 03:15:00,10.313000
linkoping,2018-09-22 03:00:00,8.779000
linkoping,2018-09-22 02:45:00,8.699000
linkoping,2018-09-22 02:30:00,12.279000
linkoping,2018-09-22 02:15:00,7.953000
linkoping,2018-09-22 02:00:00,9.179000
linkoping,2018-09-22 01:45:00,7.799000
linkoping,2018-09-22 01:30:00,6.999000
linkoping,2018-09-22 01:15:00,6.646000
linkoping,2018-09-22 01:00:00,3.666000
linkoping,2018-09-22 00:45:00,6.379000
linkoping,2018-09-22 00:30:00,6.759000
linkoping,2018-09-22 00:15:00,6.786000
linkoping,2018-09-21 22:45:00,10.686000
linkoping,2018-09-21 22:30:00,12.773000
linkoping,2018-09-21 22:15:00,10.979000
linkoping,2018-09-21 22:00:00,11.733000
linkoping,2018-09-21 21:45:00,10.646000
linkoping,2018-09-21 21:30:00,10.939000
linkoping,2018-09-21 21:15:00,11.379000
linkoping,2018-09-21 21:00:00,11.066000
linkoping,2018-09-21 20:45:00,8.913000
linkoping,2018-09-21 20:30:00,8.566000
linkoping,2018-09-21 20:15:00,8.339000
linkoping,2018-09-21 20:00:00,10.233000
linkoping,2018-09-21 19:45:00,11.813000
linkoping,2018-09-21 19:30:00,12.786000
linkoping,2018-09-21 19:15:00,8.353000
linkoping,2018-09-21 19:00:00,8.106000
linkoping,2018-09-21 18:45:00,7.379000
linkoping,2018-09-21 18:30:00,7.766000
linkoping,2018-09-21 18:15:00,9.813000
linkoping,2018-09-21 18:00:00,9.313000
linkoping,2018-09-21 17:45:00,11.186000
linkoping,2018-09-21 17:30:00,2.773000
linkoping,2018-09-21 17:15:00,10.393000
linkoping,2018-09-21 17:00:00,4.153000
linkoping,2018-09-21 16:45:00,-3.966000
linkoping,2018-09-21 16:30:00,9.199000
linkoping,2018-09-21 16:15:00,7.733000
linkoping,2018-09-21 16:00:00,10.293000
linkoping,2018-09-21 15:45:00,10.166000
linkoping,2018-09-21 15:30:00,17.479000
linkoping,2018-09-21 15:15:00,71.793000
linkoping,2018-09-21 15:00:00,55.339000
linkoping,2018-09-21 14:45:00,34.033000
linkoping,2018-09-21 14:30:00,40.379000
linkoping,2018-09-21 14:15:00,38.699000
linkoping,2018-09-21 14:00:00,37.186000
linkoping,2018-09-21 13:45:00,38.526000
linkoping,2018-09-21 13:30:00,36.699000
linkoping,2018-09-21 13:15:00,44.159000
linkoping,2018-09-21 13:00:00,39.506000
linkoping,2018-09-21 12:45:00,43.646000
linkoping,2018-09-21 12:30:00,40.939000
linkoping,2018-09-21 12:15:00,30.753000
linkoping,2018-09-21 12:00:00,27.693000
linkoping,2018-09-21 11:45:00,28.306000
linkoping,2018-09-21 11:30:00,29.613000
linkoping,2018-09-21 11:15:00,28.373000
linkoping,2018-09-21 11:00:00,28.693000
linkoping,2018-09-21 10:45:00,25.426000
linkoping,2018-09-21 10:30:00,24.846000
linkoping,2018-09-21 10:15:00,24.779000
linkoping,2018-09-21 10:00:00,24.993000
linkoping,2018-09-21 09:45:00,26.633000
linkoping,2018-09-21 09:30:00,26.006000
linkoping,2018-09-21 09:15:00,24.139000
linkoping,2018-09-21 09:00:00,27.693000
linkoping,2018-09-21 08:45:00,27.079000
linkoping,2018-09-21 08:30:00,29.126000
linkoping,2018-09-21 08:15:00,27.879000
linkoping,2018-09-21 08:00:00,25.533000
linkoping,2018-09-21 07:45:00,23.639000
linkoping,2018-09-21 07:30:00,25.353000
linkoping,2018-09-21 07:15:00,32.499000
linkoping,2018-09-21 07:00:00,32.859000
linkoping,2018-09-21 06:45:00,36.819000
linkoping,2018-09-21 06:30:00,36.886000
linkoping,2018-09-21 06:15:00,38.466000
linkoping,2018-09-21 06:00:00,41.373000
linkoping,2018-09-21 05:45:00,33.739000
linkoping,2018-09-21 05:30:00,32.199000
linkoping,2018-09-21 05:15:00,32.859000
linkoping,2018-09-21 05:00:00,29.239000
linkoping,2018-09-21 04:45:00,23.633000
linkoping,2018-09-21 04:30:00,21.113000
linkoping,2018-09-21 04:15:00,17.881000
linkoping,2018-09-21 04:00:00,20.406000
linkoping,2018-09-21 03:45:00,16.353000
linkoping,2018-09-21 03:30:00,15.706000
linkoping,2018-09-21 03:15:00,11.893000
linkoping,2018-09-21 03:00:00,9.026000
linkoping,2018-09-21 02:45:00,9.299000
linkoping,2018-09-21 02:30:00,6.979000
linkoping,2018-09-21 02:15:00,6.173000
linkoping,2018-09-21 02:00:00,4.886000
linkoping,2018-09-21 01:45:00,4.486000
linkoping,2018-09-21 01:30:00,4.466000
linkoping,2018-09-21 01:15:00,1.813000
linkoping,2018-09-21 01:00:00,1.913000
linkoping,2018-09-21 00:45:00,4.399000
linkoping,2018-09-21 00:30:00,2.859000
linkoping,2018-09-21 00:15:00,3.259000
linkoping,2018-09-20 22:45:00,43.313000
linkoping,2018-09-20 22:30:00,46.839000
linkoping,2018-09-20 22:15:00,21.826000
linkoping,2018-09-20 22:00:00,8.953000
linkoping,2018-09-20 21:45:00,7.659000
linkoping,2018-09-20 21:30:00,9.459000
linkoping,2018-09-20 21:15:00,7.766000
linkoping,2018-09-20 21:00:00,7.926000
linkoping,2018-09-20 20:45:00,9.813000
linkoping,2018-09-20 20:30:00,9.666000
linkoping,2018-09-20 20:15:00,11.286000
linkoping,2018-09-20 20:00:00,12.093000
linkoping,2018-09-20 19:45:00,12.026000
linkoping,2018-09-20 19:30:00,11.339000
linkoping,2018-09-20 19:15:00,11.579000
linkoping,2018-09-20 19:00:00,12.546000
linkoping,2018-09-20 18:45:00,12.906000
linkoping,2018-09-20 18:30:00,15.833000
linkoping,2018-09-20 18:15:00,14.173000
linkoping,2018-09-20 18:00:00,11.153000
linkoping,2018-09-20 17:45:00,12.133000
linkoping,2018-09-20 17:30:00,12.019000
linkoping,2018-09-20 17:15:00,16.059000
linkoping,2018-09-20 17:00:00,18.306000
linkoping,2018-09-20 16:45:00,19.899000
linkoping,2018-09-20 16:30:00,21.426000
linkoping,2018-09-20 16:15:00,19.246000
linkoping,2018-09-20 16:00:00,20.119000
linkoping,2018-09-20 15:45:00,22.666000
linkoping,2018-09-20 15:30:00,18.266000
linkoping,2018-09-20 15:15:00,18.499000
linkoping,2018-09-20 15:00:00,19.259000
linkoping,2018-09-20 14:45:00,19.459000
linkoping,2018-09-20 14:30:00,18.833000
linkoping,2018-09-20 14:15:00,20.233000
linkoping,2018-09-20 14:00:00,20.573000
linkoping,2018-09-20 13:45:00,26.053000
linkoping,2018-09-20 13:30:00,23.373000
linkoping,2018-09-20 13:15:00,21.479000
linkoping,2018-09-20 13:00:00,23.946000
linkoping,2018-09-20 12:45:00,23.219000
linkoping,2018-09-20 12:30:00,25.333000
linkoping,2018-09-20 12:15:00,20.446000
linkoping,2018-09-20 12:00:00,20.819000
linkoping,2018-09-20 11:45:00,21.219000
linkoping,2018-09-20 11:30:00,19.339000
linkoping,2018-09-20 11:15:00,20.613000
linkoping,2018-09-20 11:00:00,21.786000
linkoping,2018-09-20 10:45:00,24.953000
linkoping,2018-09-20 10:30:00,29.539000
linkoping,2018-09-20 10:15:00,21.466000
linkoping,2018-09-20 10:00:00,24.053000
linkoping,2018-09-20 09:45:00,26.713000
linkoping,2018-09-20 09:30:00,21.253000
linkoping,2018-09-20 09:15:00,22.333000
linkoping,2018-09-20 09:00:00,26.719000
linkoping,2018-09-20 08:45:00,25.346000
linkoping,2018-09-20 08:30:00,26.979000
linkoping,2018-09-20 08:15:00,28.253000
linkoping,2018-09-20 08:00:00,30.013000
linkoping,2018-09-20 07:45:00,28.293000
linkoping,2018-09-20 07:30:00,24.393000
linkoping,2018-09-20 07:15:00,22.939000
linkoping,2018-09-20 07:00:00,23.586000
linkoping,2018-09-20 06:45:00,25.099000
linkoping,2018-09-20 06:30:00,26.099000
linkoping,2018-09-20 06:15:00,24.933000
linkoping,2018-09-20 06:00:00,19.646000
linkoping,2018-09-20 05:45:00,18.839000
linkoping,2018-09-20 05:30:00,16.339000
linkoping,2018-09-20 05:15:00,14.379000
linkoping,2018-09-20 05:00:00,8.326000
linkoping,2018-09-20 04:45:00,7.066000
linkoping,2018-09-20 04:30:00,0.606000
linkoping,2018-09-20 04:15:00,6.362000
linkoping,2018-09-20 04:00:00,2.106000
linkoping,2018-09-20 03:45:00,18.359000
linkoping,2018-09-20 03:30:00,25.139000
linkoping,2018-09-20 03:15:00,19.786000
linkoping,2018-09-20 03:00:00,18.219000
linkoping,2018-09-20 02:45:00,17.393000
linkoping,2018-09-20 02:30:00,16.046000
linkoping,2018-09-20 02:15:00,16.439000
linkoping,2018-09-20 02:00:00,15.606000
linkoping,2018-09-20 01:45:00,17.299000
linkoping,2018-09-20 01:30:00,14.513000
linkoping,2018-09-20 01:15:00,11.713000
linkoping,2018-09-20 01:00:00,14.759000
linkoping,2018-09-20 00:45:00,12.386000
linkoping,2018-09-20 00:30:00,11.853000
linkoping,2018-09-20 00:15:00,13.459000
linkoping,2018-09-19 22:45:00,16.239000
linkoping,2018-09-19 22:30:00,17.499000
linkoping,2018-09-19 22:15:00,17.326000
linkoping,2018-09-19 22:00:00,16.806000
linkoping,2018-09-19 21:45:00,15.873000
linkoping,2018-09-19 21:30:00,15.066000
linkoping,2018-09-19 21:15:00,14.646000
linkoping,2018-09-19 21:00:00,14.979000
linkoping,2018-09-19 20:45:00,14.093000
linkoping,2018-09-19 20:30:00,13.819000
linkoping,2018-09-19 20:15:00,14.119000
linkoping,2018-09-19 20:00:00,13.546000
linkoping,2018-09-19 19:45:00,14.579000
linkoping,2018-09-19 19:30:00,15.946000
linkoping,2018-09-19 19:15:00,16.173000
linkoping,2018-09-19 19:00:00,17.679000
linkoping,2018-09-19 18:45:00,17.553000
linkoping,2018-09-19 18:30:00,19.306000
linkoping,2018-09-19 18:15:00,20.939000
linkoping,2018-09-19 18:00:00,20.053000
linkoping,2018-09-19 17:45:00,17.953000
linkoping,2018-09-19 17:30:00,20.839000
linkoping,2018-09-19 17:15:00,21.053000
linkoping,2018-09-19 17:00:00,19.059000
linkoping,2018-09-19 16:45:00,20.233000
linkoping,2018-09-19 16:30:00,21.319000
linkoping,2018-09-19 16:15:00,18.039000
linkoping,2018-09-19 16:00:00,22.346000
linkoping,2018-09-19 15:45:00,21.173000
linkoping,2018-09-19 15:30:00,18.299000
linkoping,2018-09-19 15:15:00,18.613000
linkoping,2018-09-19 15:00:00,21.886000
linkoping,2018-09-19 14:45:00,21.739000
linkoping,2018-09-19 14:30:00,21.459000
linkoping,2018-09-19 14:15:00,21.673000
linkoping,2018-09-19 14:00:00,22.339000
linkoping,2018-09-19 13:45:00,20.813000
linkoping,2018-09-19 13:30:00,20.453000
linkoping,2018-09-19 13:15:00,21.973000
linkoping,2018-09-19 13:00:00,23.959000
linkoping,2018-09-19 12:45:00,22.926000
linkoping,2018-09-19 12:30:00,27.353000
linkoping,2018-09-19 12:15:00,29.186000
linkoping,2018-09-19 12:00:00,28.693000
linkoping,2018-09-19 11:45:00,27.119000
linkoping,2018-09-19 11:30:00,29.733000
linkoping,2018-09-19 11:15:00,23.639000
linkoping,2018-09-19 11:00:00,22.566000
linkoping,2018-09-19 10:45:00,23.919000
linkoping,2018-09-19 10:30:00,22.419000
linkoping,2018-09-19 10:15:00,24.639000
linkoping,2018-09-19 10:00:00,31.199000
linkoping,2018-09-19 09:45:00,46.986000
linkoping,2018-09-19 09:30:00,22.399000
linkoping,2018-09-19 09:15:00,22.013000
linkoping,2018-09-19 09:00:00,20.913000
linkoping,2018-09-19 08:45:00,22.159000
linkoping,2018-09-19 08:30:00,39.833000
linkoping,2018-09-19 08:15:00,19.273000
linkoping,2018-09-19 08:00:00,19.426000
linkoping,2018-09-19 07:45:00,16.206000
linkoping,2018-09-19 07:30:00,14.399000
linkoping,2018-09-19 07:15:00,16.179000
linkoping,2018-09-19 07:00:00,22.039000
linkoping,2018-09-19 06:45:00,23.839000
linkoping,2018-09-19 06:30:00,22.586000
linkoping,2018-09-19 06:15:00,24.406000
linkoping,2018-09-19 06:00:00,25.026000
linkoping,2018-09-19 05:45:00,21.493000
linkoping,2018-09-19 05:30:00,20.679000
linkoping,2018-09-19 05:15:00,21.846000
linkoping,2018-09-19 05:00:00,19.073000
linkoping,2018-09-19 04:45:00,16.926000
linkoping,2018-09-19 04:30:00,15.919000
linkoping,2018-09-19 04:15:00,16.212000
linkoping,2018-09-19 04:00:00,15.486000
linkoping,2018-09-19 03:45:00,15.053000
linkoping,2018-09-19 03:30:00,13.573000
linkoping,2018-09-19 03:15:00,14.239000
linkoping,2018-09-19 03:00:00,13.926000
linkoping,2018-09-19 02:45:00,13.539000
linkoping,2018-09-19 02:30:00,12.693000
linkoping,2018-09-19 02:15:00,13.606000
linkoping,2018-09-19 02:00:00,14.639000
linkoping,2018-09-19 01:45:00,15.899000
linkoping,2018-09-19 01:30:00,17.299000
linkoping,2018-09-19 01:15:00,18.006000
linkoping,2018-09-19 01:00:00,19.253000
linkoping,2018-09-19 00:45:00,20.159000
linkoping,2018-09-19 00:30:00,20.633000
linkoping,2018-09-19 00:15:00,19.759000
linkoping,2018-09-18 22:45:00,21.819000
linkoping,2018-09-18 22:30:00,22.126000
linkoping,2018-09-18 22:15:00,22.906000
linkoping,2018-09-18 22:00:00,24.119000
linkoping,2018-09-18 21:45:00,23.873000
linkoping,2018-09-18 21:30:00,22.573000
linkoping,2018-09-18 21:15:00,21.673000
linkoping,2018-09-18 21:00:00,21.186000
linkoping,2018-09-18 20:45:00,21.379000
linkoping,2018-09-18 20:30:00,19.213000
linkoping,2018-09-18 20:15:00,20.073000
linkoping,2018-09-18 20:00:00,20.346000
linkoping,2018-09-18 19:45:00,21.066000
linkoping,2018-09-18 19:30:00,20.793000
linkoping,2018-09-18 19:15:00,20.679000
linkoping,2018-09-18 19:00:00,21.973000
linkoping,2018-09-18 18:45:00,22.593000
linkoping,2018-09-18 18:30:00,23.186000
linkoping,2018-09-18 18:15:00,24.733000
linkoping,2018-09-18 18:00:00,28.373000
linkoping,2018-09-18 17:45:00,24.833000
linkoping,2018-09-18 17:30:00,23.759000
linkoping,2018-09-18 17:15:00,25.979000
linkoping,2018-09-18 17:00:00,28.259000
linkoping,2018-09-18 16:45:00,29.739000
linkoping,2018-09-18 16:30:00,27.306000
linkoping,2018-09-18 16:15:00,26.526000
linkoping,2018-09-18 16:00:00,23.413000
linkoping,2018-09-18 15:45:00,20.353000
linkoping,2018-09-18 15:30:00,21.146000
linkoping,2018-09-18 15:15:00,21.033000
linkoping,2018-09-18 15:00:00,20.633000
linkoping,2018-09-18 14:45:00,21.193000
linkoping,2018-09-18 14:30:00,21.079000
linkoping,2018-09-18 14:15:00,20.499000
linkoping,2018-09-18 14:00:00,20.973000
linkoping,2018-09-18 13:45:00,20.099000
linkoping,2018-09-18 13:30:00,20.713000
linkoping,2018-09-18 13:15:00,19.459000
linkoping,2018-09-18 13:00:00,18.779000
linkoping,2018-09-18 12:45:00,22.233000
linkoping,2018-09-18 12:30:00,21.279000
linkoping,2018-09-18 12:15:00,17.333000
linkoping,2018-09-18 12:00:00,15.939000
linkoping,2018-09-18 11:45:00,17.813000
linkoping,2018-09-18 11:30:00,16.473000
linkoping,2018-09-18 11:15:00,15.506000
linkoping,2018-09-18 11:00:00,17.306000
linkoping,2018-09-18 10:45:00,18.346000
linkoping,2018-09-18 10:30:00,16.919000
linkoping,2018-09-18 10:15:00,20.253000
linkoping,2018-09-18 10:00:00,19.039000
linkoping,2018-09-18 09:45:00,17.886000
linkoping,2018-09-18 09:30:00,17.133000
linkoping,2018-09-18 09:15:00,18.059000
linkoping,2018-09-18 09:00:00,20.999000
linkoping,2018-09-18 08:45:00,24.479000
linkoping,2018-09-18 08:30:00,15.273000
linkoping,2018-09-18 08:15:00,17.259000
linkoping,2018-09-18 08:00:00,17.313000
linkoping,2018-09-18 07:45:00,16.146000
linkoping,2018-09-18 07:30:00,16.359000
linkoping,2018-09-18 07:15:00,20.059000
linkoping,2018-09-18 07:00:00,24.319000
linkoping,2018-09-18 06:45:00,26.033000
linkoping,2018-09-18 06:30:00,29.153000
linkoping,2018-09-18 06:15:00,27.719000
linkoping,2018-09-18 06:00:00,27.986000
linkoping,2018-09-18 05:45:00,28.933000
linkoping,2018-09-18 05:30:00,27.166000
linkoping,2018-09-18 05:15:00,25.973000
linkoping,2018-09-18 05:00:00,23.473000
linkoping,2018-09-18 04:45:00,22.813000
linkoping,2018-09-18 04:30:00,20.959000
linkoping,2018-09-18 04:15:00,18.006000
linkoping,2018-09-18 04:00:00,14.913000
linkoping,2018-09-18 03:45:00,11.706000
linkoping,2018-09-18 03:30:00,10.199000
linkoping,2018-09-18 03:15:00,9.953000
linkoping,2018-09-18 03:00:00,10.299000
linkoping,2018-09-18 02:45:00,9.553000
linkoping,2018-09-18 02:30:00,9.633000
linkoping,2018-09-18 02:15:00,9.993000
linkoping,2018-09-18 02:00:00,10.759000
linkoping,2018-09-18 01:45:00,7.553000
linkoping,2018-09-18 01:30:00,9.599000
linkoping,2018-09-18 01:15:00,10.106000
linkoping,2018-09-18 01:00:00,9.119000
linkoping,2018-09-18 00:45:00,10.199000
linkoping,2018-09-18 00:30:00,10.253000
linkoping,2018-09-18 00:15:00,10.373000
linkoping,2018-09-17 22:45:00,10.813000
linkoping,2018-09-17 22:30:00,8.926000
linkoping,2018-09-17 22:15:00,9.386000
linkoping,2018-09-17 22:00:00,9.739000
linkoping,2018-09-17 21:45:00,10.406000
linkoping,2018-09-17 21:30:00,12.313000
linkoping,2018-09-17 21:15:00,11.473000
linkoping,2018-09-17 21:00:00,9.799000
linkoping,2018-09-17 20:45:00,10.446000
linkoping,2018-09-17 20:30:00,9.899000
linkoping,2018-09-17 20:15:00,10.039000
linkoping,2018-09-17 20:00:00,10.979000
linkoping,2018-09-17 19:45:00,14.886000
linkoping,2018-09-17 19:30:00,11.333000
linkoping,2018-09-17 19:15:00,10.113000
linkoping,2018-09-17 19:00:00,12.479000
linkoping,2018-09-17 18:45:00,12.259000
linkoping,2018-09-17 18:30:00,14.166000
linkoping,2018-09-17 18:15:00,15.046000
linkoping,2018-09-17 18:00:00,14.893000
linkoping,2018-09-17 17:45:00,16.133000
linkoping,2018-09-17 17:30:00,15.813000
linkoping,2018-09-17 17:15:00,15.793000
linkoping,2018-09-17 17:00:00,17.279000
linkoping,2018-09-17 16:45:00,15.613000
linkoping,2018-09-17 16:30:00,16.026000
linkoping,2018-09-17 16:15:00,16.386000
linkoping,2018-09-17 16:00:00,17.253000
linkoping,2018-09-17 15:45:00,17.359000
linkoping,2018-09-17 15:30:00,16.219000
linkoping,2018-09-17 15:15:00,17.179000
linkoping,2018-09-17 15:00:00,16.066000
linkoping,2018-09-17 14:45:00,17.213000
linkoping,2018-09-17 14:30:00,13.913000
linkoping,2018-09-17 14:15:00,15.333000
linkoping,2018-09-17 14:00:00,13.859000
linkoping,2018-09-17 13:45:00,11.779000
linkoping,2018-09-17 13:30:00,10.713000
linkoping,2018-09-17 13:15:00,13.486000
linkoping,2018-09-17 13:00:00,13.939000
linkoping,2018-09-17 12:45:00,13.226000
linkoping,2018-09-17 12:30:00,12.646000
linkoping,2018-09-17 12:15:00,10.846000
linkoping,2018-09-17 12:00:00,12.966000
linkoping,2018-09-17 11:45:00,11.966000
linkoping,2018-09-17 11:30:00,13.466000
linkoping,2018-09-17 11:15:00,15.793000
linkoping,2018-09-17 11:00:00,19.653000
linkoping,2018-09-17 10:45:00,14.386000
linkoping,2018-09-17 10:30:00,15.579000
linkoping,2018-09-17 10:15:00,16.299000
linkoping,2018-09-17 10:00:00,16.613000
linkoping,2018-09-17 09:45:00,17.066000
linkoping,2018-09-17 09:30:00,14.526000
linkoping,2018-09-17 09:15:00,15.706000
linkoping,2018-09-17 09:00:00,20.046000
linkoping,2018-09-17 08:45:00,21.139000
linkoping,2018-09-17 08:30:00,19.246000
linkoping,2018-09-17 08:15:00,22.126000
linkoping,2018-09-17 08:00:00,15.079000
linkoping,2018-09-17 07:45:00,11.819000
linkoping,2018-09-17 07:30:00,11.673000
linkoping,2018-09-17 07:15:00,12.033000
linkoping,2018-09-17 07:00:00,11.939000
linkoping,2018-09-17 06:45:00,10.893000
linkoping,2018-09-17 06:30:00,12.093000
linkoping,2018-09-17 06:15:00,12.026000
linkoping,2018-09-17 06:00:00,9.306000
linkoping,2018-09-17 05:45:00,9.313000
linkoping,2018-09-17 05:30:00,8.253000
linkoping,2018-09-17 05:15:00,7.206000
linkoping,2018-09-17 05:00:00,4.966000
linkoping,2018-09-17 04:45:00,5.233000
linkoping,2018-09-17 04:30:00,4.019000
linkoping,2018-09-17 04:15:00,4.656000
linkoping,2018-09-17 04:00:00,3.653000
linkoping,2018-09-17 03:45:00,3.399000
linkoping,2018-09-17 03:30:00,3.873000
linkoping,2018-09-17 03:15:00,3.219000
linkoping,2018-09-17 03:00:00,4.886000
linkoping,2018-09-17 02:45:00,5.233000
linkoping,2018-09-17 02:30:00,6.626000
linkoping,2018-09-17 02:15:00,6.706000
linkoping,2018-09-17 02:00:00,5.473000
linkoping,2018-09-17 01:45:00,5.493000
linkoping,2018-09-17 01:30:00,5.433000
linkoping,2018-09-17 01:15:00,6.506000
linkoping,2018-09-17 01:00:00,6.146000
linkoping,2018-09-17 00:45:00,6.819000
linkoping,2018-09-17 00:30:00,7.173000
linkoping,2018-09-17 00:15:00,6.233000
linkoping,2018-09-16 22:45:00,5.899000
linkoping,2018-09-16 22:30:00,6.593000
linkoping,2018-09-16 22:15:00,4.299000
linkoping,2018-09-16 22:00:00,3.866000
linkoping,2018-09-16 21:45:00,3.773000
linkoping,2018-09-16 21:30:00,5.119000
linkoping,2018-09-16 21:15:00,4.526000
linkoping,2018-09-16 21:00:00,4.146000
linkoping,2018-09-16 20:45:00,2.786000
linkoping,2018-09-16 20:30:00,3.806000
linkoping,2018-09-16 20:15:00,3.926000
linkoping,2018-09-16 20:00:00,3.193000
linkoping,2018-09-16 19:45:00,2.899000
linkoping,2018-09-16 19:30:00,4.773000
linkoping,2018-09-16 19:15:00,7.519000
linkoping,2018-09-16 19:00:00,7.486000
linkoping,2018-09-16 18:45:00,7.493000
linkoping,2018-09-16 18:30:00,7.559000
linkoping,2018-09-16 18:15:00,7.913000
linkoping,2018-09-16 18:00:00,7.519000
linkoping,2018-09-16 17:45:00,7.719000
linkoping,2018-09-16 17:30:00,9.406000
linkoping,2018-09-16 17:15:00,10.753000
linkoping,2018-09-16 17:00:00,15.539000
linkoping,2018-09-16 16:45:00,14.839000
linkoping,2018-09-16 16:30:00,15.906000
linkoping,2018-09-16 16:15:00,13.193000
linkoping,2018-09-16 16:00:00,10.539000
linkoping,2018-09-16 15:45:00,11.139000
linkoping,2018-09-16 15:30:00,11.579000
linkoping,2018-09-16 15:15:00,6.393000
linkoping,2018-09-16 15:00:00,6.866000
linkoping,2018-09-16 14:45:00,9.873000
linkoping,2018-09-16 14:30:00,9.193000
linkoping,2018-09-16 14:15:00,10.639000
linkoping,2018-09-16 14:00:00,12.039000
linkoping,2018-09-16 13:45:00,11.206000
linkoping,2018-09-16 13:30:00,12.673000
linkoping,2018-09-16 13:15:00,10.613000
linkoping,2018-09-16 13:00:00,10.206000
linkoping,2018-09-16 12:45:00,9.906000
linkoping,2018-09-16 12:30:00,9.199000
linkoping,2018-09-16 12:15:00,9.906000
linkoping,2018-09-16 12:00:00,13.419000
linkoping,2018-09-16 11:45:00,11.059000
linkoping,2018-09-16 11:30:00,10.213000
linkoping,2018-09-16 11:15:00,10.993000
linkoping,2018-09-16 11:00:00,9.679000
linkoping,2018-09-16 10:45:00,7.853000
linkoping,2018-09-16 10:30:00,8.859000
linkoping,2018-09-16 10:15:00,6.713000
linkoping,2018-09-16 10:00:00,8.079000
linkoping,2018-09-16 09:45:00,6.726000
linkoping,2018-09-16 09:30:00,7.446000
linkoping,2018-09-16 09:15:00,8.279000
linkoping,2018-09-16 09:00:00,9.166000
linkoping,2018-09-16 08:45:00,7.706000
linkoping,2018-09-16 08:30:00,7.586000
linkoping,2018-09-16 08:15:00,9.113000
linkoping,2018-09-16 08:00:00,11.466000
linkoping,2018-09-16 07:45:00,10.733000
linkoping,2018-09-16 07:30:00,10.493000
linkoping,2018-09-16 07:15:00,9.653000
linkoping,2018-09-16 07:00:00,8.619000
linkoping,2018-09-16 06:45:00,9.099000
linkoping,2018-09-16 06:30:00,7.339000
linkoping,2018-09-16 06:15:00,8.159000
linkoping,2018-09-16 06:00:00,8.919000
linkoping,2018-09-16 05:45:00,8.893000
linkoping,2018-09-16 05:30:00,8.293000
linkoping,2018-09-16 05:15:00,7.539000
linkoping,2018-09-16 05:00:00,6.353000
linkoping,2018-09-16 04:45:00,7.079000
linkoping,2018-09-16 04:30:00,7.913000
linkoping,2018-09-16 04:15:00,8.587000
linkoping,2018-09-16 04:00:00,7.299000
linkoping,2018-09-16 03:45:00,7.713000
linkoping,2018-09-16 03:30:00,7.826000
linkoping,2018-09-16 03:15:00,7.533000
linkoping,2018-09-16 03:00:00,7.473000
linkoping,2018-09-16 02:45:00,7.353000
linkoping,2018-09-16 02:30:00,7.953000
linkoping,2018-09-16 02:15:00,6.886000
linkoping,2018-09-16 02:00:00,7.599000
linkoping,2018-09-16 01:45:00,8.359000
linkoping,2018-09-16 01:30:00,9.079000
linkoping,2018-09-16 01:15:00,9.239000
linkoping,2018-09-16 01:00:00,9.446000
linkoping,2018-09-16 00:45:00,9.233000
linkoping,2018-09-16 00:30:00,8.686000
linkoping,2018-09-16 00:15:00,8.299000
linkoping,2018-09-15 22:45:00,7.866000
linkoping,2018-09-15 22:30:00,7.766000
linkoping,2018-09-15 22:15:00,8.813000
linkoping,2018-09-15 22:00:00,8.926000
linkoping,2018-09-15 21:45:00,9.479000
linkoping,2018-09-15 21:30:00,8.973000
linkoping,2018-09-15 21:15:00,8.713000
linkoping,2018-09-15 21:00:00,7.853000
linkoping,2018-09-15 20:45:00,7.193000
linkoping,2018-09-15 20:30:00,9.486000
linkoping,2018-09-15 20:15:00,7.979000
linkoping,2018-09-15 20:00:00,7.679000
linkoping,2018-09-15 19:45:00,7.679000
linkoping,2018-09-15 19:30:00,9.893000
linkoping,2018-09-15 19:15:00,9.466000
linkoping,2018-09-15 19:00:00,9.279000
linkoping,2018-09-15 18:45:00,9.259000
linkoping,2018-09-15 18:30:00,11.713000
linkoping,2018-09-15 18:15:00,12.206000
linkoping,2018-09-15 18:00:00,11.473000
linkoping,2018-09-15 17:45:00,10.326000
linkoping,2018-09-15 17:30:00,11.613000
linkoping,2018-09-15 17:15:00,11.686000
linkoping,2018-09-15 17:00:00,14.006000
linkoping,2018-09-15 16:45:00,12.319000
linkoping,2018-09-15 16:30:00,11.906000
linkoping,2018-09-15 16:15:00,9.599000
linkoping,2018-09-15 16:00:00,10.133000
linkoping,2018-09-15 15:45:00,8.633000
linkoping,2018-09-15 15:30:00,9.793000
linkoping,2018-09-15 15:15:00,9.639000
linkoping,2018-09-15 15:00:00,10.079000
linkoping,2018-09-15 14:45:00,11.413000
linkoping,2018-09-15 14:30:00,9.446000
linkoping,2018-09-15 14:15:00,9.953000
linkoping,2018-09-15 14:00:00,10.006000
linkoping,2018-09-15 13:45:00,11.739000
linkoping,2018-09-15 13:30:00,12.773000
linkoping,2018-09-15 13:15:00,13.653000
linkoping,2018-09-15 13:00:00,15.386000
linkoping,2018-09-15 12:45:00,15.599000
linkoping,2018-09-15 12:30:00,14.753000
linkoping,2018-09-15 12:15:00,12.859000
linkoping,2018-09-15 12:00:00,13.913000
linkoping,2018-09-15 11:45:00,15.153000
linkoping,2018-09-15 11:30:00,17.413000
linkoping,2018-09-15 11:15:00,13.339000
linkoping,2018-09-15 11:00:00,16.446000
linkoping,2018-09-15 10:45:00,13.986000
linkoping,2018-09-15 10:30:00,17.133000
linkoping,2018-09-15 10:15:00,15.379000
linkoping,2018-09-15 10:00:00,11.933000
linkoping,2018-09-15 09:45:00,11.066000
linkoping,2018-09-15 09:30:00,9.439000
linkoping,2018-09-15 09:15:00,9.139000
linkoping,2018-09-15 09:00:00,9.099000
linkoping,2018-09-15 08:45:00,14.113000
linkoping,2018-09-15 08:30:00,11.306000
linkoping,2018-09-15 08:15:00,14.126000
linkoping,2018-09-15 08:00:00,11.499000
linkoping,2018-09-15 07:45:00,9.386000
linkoping,2018-09-15 07:30:00,6.553000
linkoping,2018-09-15 07:15:00,6.633000
linkoping,2018-09-15 07:00:00,6.306000
linkoping,2018-09-15 06:45:00,5.533000
linkoping,2018-09-15 06:30:00,5.313000
linkoping,2018-09-15 06:15:00,5.713000
linkoping,2018-09-15 06:00:00,4.759000
linkoping,2018-09-15 05:45:00,5.626000
linkoping,2018-09-15 05:30:00,6.266000
linkoping,2018-09-15 05:15:00,4.879000
linkoping,2018-09-15 05:00:00,5.059000
linkoping,2018-09-15 04:45:00,4.786000
linkoping,2018-09-15 04:30:00,6.093000
linkoping,2018-09-15 04:15:00,5.956000
linkoping,2018-09-15 04:00:00,7.399000
linkoping,2018-09-15 03:45:00,6.999000
linkoping,2018-09-15 03:30:00,5.153000
linkoping,2018-09-15 03:15:00,7.253000
linkoping,2018-09-15 03:00:00,7.893000
linkoping,2018-09-15 02:45:00,7.999000
linkoping,2018-09-15 02:30:00,9.546000
linkoping,2018-09-15 02:15:00,7.353000
linkoping,2018-09-15 02:00:00,5.553000
linkoping,2018-09-15 01:45:00,5.813000
linkoping,2018-09-15 01:30:00,6.026000
linkoping,2018-09-15 01:15:00,6.739000
linkoping,2018-09-15 01:00:00,7.253000
linkoping,2018-09-15 00:45:00,7.213000
linkoping,2018-09-15 00:30:00,7.359000
linkoping,2018-09-15 00:15:00,7.086000
linkoping,2018-09-14 22:45:00,5.166000
linkoping,2018-09-14 22:30:00,6.133000
linkoping,2018-09-14 22:15:00,8.139000
linkoping,2018-09-14 22:00:00,8.793000
linkoping,2018-09-14 21:45:00,9.213000
linkoping,2018-09-14 21:30:00,11.219000
linkoping,2018-09-14 21:15:00,8.006000
linkoping,2018-09-14 21:00:00,10.326000
linkoping,2018-09-14 20:45:00,9.879000
linkoping,2018-09-14 20:30:00,11.173000
linkoping,2018-09-14 20:15:00,11.533000
linkoping,2018-09-14 20:00:00,10.039000
linkoping,2018-09-14 19:45:00,10.119000
linkoping,2018-09-14 19:30:00,10.633000
linkoping,2018-09-14 19:15:00,10.973000
linkoping,2018-09-14 19:00:00,10.539000
linkoping,2018-09-14 18:45:00,11.913000
linkoping,2018-09-14 18:30:00,9.573000
linkoping,2018-09-14 18:15:00,9.713000
linkoping,2018-09-14 18:00:00,12.313000
linkoping,2018-09-14 17:45:00,12.973000
linkoping,2018-09-14 17:30:00,12.459000
linkoping,2018-09-14 17:15:00,10.899000
linkoping,2018-09-14 17:00:00,13.773000
linkoping,2018-09-14 16:45:00,13.959000
linkoping,2018-09-14 16:30:00,13.586000
linkoping,2018-09-14 16:15:00,13.159000
linkoping,2018-09-14 16:00:00,13.779000
linkoping,2018-09-14 15:45:00,14.273000
linkoping,2018-09-14 15:30:00,17.226000
linkoping,2018-09-14 15:15:00,15.273000
linkoping,2018-09-14 15:00:00,13.066000
linkoping,2018-09-14 14:45:00,14.813000
linkoping,2018-09-14 14:30:00,18.006000
linkoping,2018-09-14 14:15:00,16.466000
linkoping,2018-09-14 14:00:00,15.966000
linkoping,2018-09-14 13:45:00,13.179000
linkoping,2018-09-14 13:30:00,20.313000
linkoping,2018-09-14 13:15:00,22.539000
linkoping,2018-09-14 13:00:00,25.719000
linkoping,2018-09-14 12:45:00,21.026000
linkoping,2018-09-14 12:30:00,19.019000
linkoping,2018-09-14 12:15:00,18.493000
linkoping,2018-09-14 12:00:00,17.086000
linkoping,2018-09-14 11:45:00,22.353000
linkoping,2018-09-14 11:30:00,19.913000
linkoping,2018-09-14 11:15:00,20.893000
linkoping,2018-09-14 11:00:00,22.673000
linkoping,2018-09-14 10:45:00,23.859000
linkoping,2018-09-14 10:30:00,21.599000
linkoping,2018-09-14 10:15:00,19.739000
linkoping,2018-09-14 10:00:00,21.219000
linkoping,2018-09-14 09:45:00,19.826000
linkoping,2018-09-14 09:30:00,18.286000
linkoping,2018-09-14 09:15:00,20.766000
linkoping,2018-09-14 09:00:00,19.406000
linkoping,2018-09-14 08:45:00,17.606000
linkoping,2018-09-14 08:30:00,16.479000
linkoping,2018-09-14 08:15:00,19.346000
linkoping,2018-09-14 08:00:00,17.686000
linkoping,2018-09-14 07:45:00,22.433000
linkoping,2018-09-14 07:30:00,25.559000
linkoping,2018-09-14 07:15:00,22.133000
linkoping,2018-09-14 07:00:00,25.366000
linkoping,2018-09-14 06:45:00,27.219000
linkoping,2018-09-14 06:30:00,34.306000
linkoping,2018-09-14 06:15:00,35.519000
linkoping,2018-09-14 06:00:00,34.846000
linkoping,2018-09-14 05:45:00,25.553000
linkoping,2018-09-14 05:30:00,22.253000
linkoping,2018-09-14 05:15:00,21.906000
linkoping,2018-09-14 05:00:00,18.986000
linkoping,2018-09-14 04:45:00,13.826000
linkoping,2018-09-14 04:30:00,12.666000
linkoping,2018-09-14 04:15:00,10.212000
linkoping,2018-09-14 04:00:00,9.373000
linkoping,2018-09-14 03:45:00,8.433000
linkoping,2018-09-14 03:30:00,8.359000
linkoping,2018-09-14 03:15:00,9.046000
linkoping,2018-09-14 03:00:00,7.639000
linkoping,2018-09-14 02:45:00,6.533000
linkoping,2018-09-14 02:30:00,5.713000
linkoping,2018-09-14 02:15:00,5.886000
linkoping,2018-09-14 02:00:00,5.553000
linkoping,2018-09-14 01:45:00,7.126000
linkoping,2018-09-14 01:30:00,7.333000
linkoping,2018-09-14 01:15:00,6.919000
linkoping,2018-09-14 01:00:00,6.399000
linkoping,2018-09-14 00:45:00,6.213000
linkoping,2018-09-14 00:30:00,6.626000
linkoping,2018-09-14 00:15:00,6.913000
linkoping,2018-09-13 22:45:00,7.939000
linkoping,2018-09-13 22:30:00,8.753000
linkoping,2018-09-13 22:15:00,10.399000
linkoping,2018-09-13 22:00:00,9.779000
linkoping,2018-09-13 21:45:00,8.906000
linkoping,2018-09-13 21:30:00,9.306000
linkoping,2018-09-13 21:15:00,9.759000
linkoping,2018-09-13 21:00:00,9.259000
linkoping,2018-09-13 20:45:00,9.626000
linkoping,2018-09-13 20:30:00,10.159000
linkoping,2018-09-13 20:15:00,10.033000
linkoping,2018-09-13 20:00:00,10.313000
linkoping,2018-09-13 19:45:00,11.459000
linkoping,2018-09-13 19:30:00,11.919000
linkoping,2018-09-13 19:15:00,12.333000
linkoping,2018-09-13 19:00:00,12.913000
linkoping,2018-09-13 18:45:00,15.439000
linkoping,2018-09-13 18:30:00,13.633000
linkoping,2018-09-13 18:15:00,14.819000
linkoping,2018-09-13 18:00:00,15.586000
linkoping,2018-09-13 17:45:00,17.273000
linkoping,2018-09-13 17:30:00,17.019000
linkoping,2018-09-13 17:15:00,14.733000
linkoping,2018-09-13 17:00:00,16.799000
linkoping,2018-09-13 16:45:00,16.339000
linkoping,2018-09-13 16:30:00,16.286000
linkoping,2018-09-13 16:15:00,17.693000
linkoping,2018-09-13 16:00:00,16.326000
linkoping,2018-09-13 15:45:00,15.059000
linkoping,2018-09-13 15:30:00,12.793000
linkoping,2018-09-13 15:15:00,11.826000
linkoping,2018-09-13 15:00:00,14.599000
linkoping,2018-09-13 14:45:00,17.733000
linkoping,2018-09-13 14:30:00,15.313000
linkoping,2018-09-13 14:15:00,17.153000
linkoping,2018-09-13 14:00:00,17.239000
linkoping,2018-09-13 13:45:00,14.419000
linkoping,2018-09-13 13:30:00,12.433000
linkoping,2018-09-13 13:15:00,12.466000
linkoping,2018-09-13 13:00:00,14.119000
linkoping,2018-09-13 12:45:00,15.606000
linkoping,2018-09-13 12:30:00,12.786000
linkoping,2018-09-13 12:15:00,14.166000
linkoping,2018-09-13 12:00:00,14.466000
linkoping,2018-09-13 11:45:00,13.253000
linkoping,2018-09-13 11:30:00,13.219000
linkoping,2018-09-13 11:15:00,13.766000
linkoping,2018-09-13 11:00:00,14.833000
linkoping,2018-09-13 10:45:00,14.153000
linkoping,2018-09-13 10:30:00,16.939000
linkoping,2018-09-13 10:15:00,19.853000
linkoping,2018-09-13 10:00:00,16.226000
linkoping,2018-09-13 09:45:00,14.759000
linkoping,2018-09-13 09:30:00,13.299000
linkoping,2018-09-13 09:15:00,11.326000
linkoping,2018-09-13 09:00:00,11.733000
linkoping,2018-09-13 08:45:00,14.393000
linkoping,2018-09-13 08:30:00,17.406000
linkoping,2018-09-13 08:15:00,16.713000
linkoping,2018-09-13 08:00:00,16.159000
linkoping,2018-09-13 07:45:00,14.913000
linkoping,2018-09-13 07:30:00,16.666000
linkoping,2018-09-13 07:15:00,17.219000
linkoping,2018-09-13 07:00:00,17.633000
linkoping,2018-09-13 06:45:00,17.633000
linkoping,2018-09-13 06:30:00,20.659000
linkoping,2018-09-13 06:15:00,23.866000
linkoping,2018-09-13 06:00:00,21.539000
linkoping,2018-09-13 05:45:00,21.513000
linkoping,2018-09-13 05:30:00,20.179000
linkoping,2018-09-13 05:15:00,21.059000
linkoping,2018-09-13 05:00:00,20.093000
linkoping,2018-09-13 04:45:00,16.813000
linkoping,2018-09-13 04:30:00,16.093000
linkoping,2018-09-13 04:15:00,16.624000
linkoping,2018-09-13 04:00:00,14.593000
linkoping,2018-09-13 03:45:00,14.106000
linkoping,2018-09-13 03:30:00,14.419000
linkoping,2018-09-13 03:15:00,13.319000
linkoping,2018-09-13 03:00:00,12.433000
linkoping,2018-09-13 02:45:00,12.253000
linkoping,2018-09-13 02:30:00,12.513000
linkoping,2018-09-13 02:15:00,11.619000
linkoping,2018-09-13 02:00:00,11.626000
linkoping,2018-09-13 01:45:00,10.713000
linkoping,2018-09-13 01:30:00,11.059000
linkoping,2018-09-13 01:15:00,12.453000
linkoping,2018-09-13 01:00:00,14.513000
linkoping,2018-09-13 00:45:00,14.659000
linkoping,2018-09-13 00:30:00,13.853000
linkoping,2018-09-13 00:15:00,13.999000
linkoping,2018-09-12 22:45:00,15.713000
linkoping,2018-09-12 22:30:00,16.733000
linkoping,2018-09-12 22:15:00,15.626000
linkoping,2018-09-12 22:00:00,16.059000
linkoping,2018-09-12 21:45:00,14.979000
linkoping,2018-09-12 21:30:00,15.719000
linkoping,2018-09-12 21:15:00,16.373000
linkoping,2018-09-12 21:00:00,15.599000
linkoping,2018-09-12 20:45:00,15.573000
linkoping,2018-09-12 20:30:00,16.819000
linkoping,2018-09-12 20:15:00,18.893000
linkoping,2018-09-12 20:00:00,17.893000
linkoping,2018-09-12 19:45:00,20.933000
linkoping,2018-09-12 19:30:00,22.253000
linkoping,2018-09-12 19:15:00,23.279000
linkoping,2018-09-12 19:00:00,23.026000
linkoping,2018-09-12 18:45:00,20.733000
linkoping,2018-09-12 18:30:00,21.233000
linkoping,2018-09-12 18:15:00,20.426000
linkoping,2018-09-12 18:00:00,21.066000
linkoping,2018-09-12 17:45:00,22.459000
linkoping,2018-09-12 17:30:00,20.846000
linkoping,2018-09-12 17:15:00,21.239000
linkoping,2018-09-12 17:00:00,23.139000
linkoping,2018-09-12 16:45:00,23.913000
linkoping,2018-09-12 16:30:00,25.366000
linkoping,2018-09-12 16:15:00,25.899000
linkoping,2018-09-12 16:00:00,33.306000
linkoping,2018-09-12 15:45:00,35.213000
linkoping,2018-09-12 15:30:00,29.966000
linkoping,2018-09-12 15:15:00,29.159000
linkoping,2018-09-12 15:00:00,29.526000
linkoping,2018-09-12 14:45:00,35.259000
linkoping,2018-09-12 14:30:00,40.513000
linkoping,2018-09-12 14:15:00,39.613000
linkoping,2018-09-12 14:00:00,8.873000
linkoping,2018-09-12 13:45:00,0.000000
linkoping,2018-09-12 13:30:00,0.000000
linkoping,2018-09-12 13:15:00,16.193000
linkoping,2018-09-12 13:00:00,10.033000
linkoping,2018-09-12 12:45:00,11.739000
linkoping,2018-09-12 12:30:00,19.799000
linkoping,2018-09-12 12:15:00,29.046000
linkoping,2018-09-12 12:00:00,18.946000
linkoping,2018-09-12 11:45:00,10.006000
linkoping,2018-09-12 11:30:00,8.819000
linkoping,2018-09-12 11:15:00,21.059000
linkoping,2018-09-12 11:00:00,9.239000
linkoping,2018-09-12 10:45:00,-4.526000
linkoping,2018-09-12 10:30:00,-3.339000
linkoping,2018-09-12 10:15:00,-2.593000
linkoping,2018-09-12 10:00:00,2.613000
linkoping,2018-09-12 09:45:00,8.239000
linkoping,2018-09-12 09:30:00,1.793000
linkoping,2018-09-12 09:15:00,10.066000
linkoping,2018-09-12 09:00:00,14.206000
linkoping,2018-09-12 08:45:00,14.499000
linkoping,2018-09-12 08:30:00,9.579000
linkoping,2018-09-12 08:15:00,7.213000
linkoping,2018-09-12 08:00:00,11.573000
linkoping,2018-09-12 07:45:00,12.419000
linkoping,2018-09-12 07:30:00,16.173000
linkoping,2018-09-12 07:15:00,16.359000
linkoping,2018-09-12 07:00:00,18.226000
linkoping,2018-09-12 06:45:00,14.819000
linkoping,2018-09-12 06:30:00,19.599000
linkoping,2018-09-12 06:15:00,22.119000
linkoping,2018-09-12 06:00:00,20.806000
linkoping,2018-09-12 05:45:00,17.286000
linkoping,2018-09-12 05:30:00,18.079000
linkoping,2018-09-12 05:15:00,20.553000
linkoping,2018-09-12 05:00:00,20.433000
linkoping,2018-09-12 04:45:00,20.726000
linkoping,2018-09-12 04:30:00,15.273000
linkoping,2018-09-12 04:15:00,19.864000
linkoping,2018-09-12 04:00:00,16.279000
linkoping,2018-09-12 03:45:00,8.506000
linkoping,2018-09-12 03:30:00,8.633000
linkoping,2018-09-12 03:15:00,10.906000
linkoping,2018-09-12 03:00:00,8.713000
linkoping,2018-09-12 02:45:00,8.826000
linkoping,2018-09-12 02:30:00,9.586000
linkoping,2018-09-12 02:15:00,10.913000
linkoping,2018-09-12 02:00:00,7.913000
linkoping,2018-09-12 01:45:00,9.233000
linkoping,2018-09-12 01:30:00,6.539000
linkoping,2018-09-12 01:15:00,9.853000
linkoping,2018-09-12 01:00:00,6.799000
linkoping,2018-09-12 00:45:00,6.166000
linkoping,2018-09-12 00:30:00,4.746000
linkoping,2018-09-12 00:15:00,5.386000
linkoping,2018-09-11 22:45:00,7.906000
linkoping,2018-09-11 22:30:00,7.793000
linkoping,2018-09-11 22:15:00,6.226000
linkoping,2018-09-11 22:00:00,5.966000
linkoping,2018-09-11 21:45:00,3.953000
linkoping,2018-09-11 21:30:00,3.666000
linkoping,2018-09-11 21:15:00,4.593000
linkoping,2018-09-11 21:00:00,2.593000
linkoping,2018-09-11 20:45:00,4.653000
linkoping,2018-09-11 20:30:00,8.159000
linkoping,2018-09-11 20:15:00,7.766000
linkoping,2018-09-11 20:00:00,8.459000
linkoping,2018-09-11 19:45:00,5.493000
linkoping,2018-09-11 19:30:00,5.993000
linkoping,2018-09-11 19:15:00,0.179000
linkoping,2018-09-11 19:00:00,-17.219000
linkoping,2018-09-11 18:45:00,-15.239000
linkoping,2018-09-11 18:30:00,-8.366000
linkoping,2018-09-11 18:15:00,-1.159000
linkoping,2018-09-11 18:00:00,-1.166000
linkoping,2018-09-11 17:45:00,1.073000
linkoping,2018-09-11 17:30:00,2.159000
linkoping,2018-09-11 17:15:00,1.719000
linkoping,2018-09-11 17:00:00,2.053000
linkoping,2018-09-11 16:45:00,1.833000
linkoping,2018-09-11 16:30:00,3.039000
linkoping,2018-09-11 16:15:00,1.739000
linkoping,2018-09-11 16:00:00,3.919000
linkoping,2018-09-11 15:45:00,4.113000
linkoping,2018-09-11 15:30:00,0.766000
linkoping,2018-09-11 15:15:00,1.993000
linkoping,2018-09-11 15:00:00,2.433000
linkoping,2018-09-11 14:45:00,4.686000
linkoping,2018-09-11 14:30:00,4.213000
linkoping,2018-09-11 14:15:00,2.579000
linkoping,2018-09-11 14:00:00,10.933000
linkoping,2018-09-11 13:45:00,9.939000
linkoping,2018-09-11 13:30:00,8.059000
linkoping,2018-09-11 13:15:00,21.039000
linkoping,2018-09-11 13:00:00,23.719000
linkoping,2018-09-11 12:45:00,3.786000
linkoping,2018-09-11 12:30:00,-1.539000
linkoping,2018-09-11 12:15:00,2.093000
linkoping,2018-09-11 12:00:00,-1.560000
linkoping,2018-09-11 11:45:00,14.993000
linkoping,2018-09-11 11:30:00,17.933000
linkoping,2018-09-11 11:15:00,31.433000
linkoping,2018-09-11 11:00:00,26.946000
linkoping,2018-09-11 10:45:00,24.046000
linkoping,2018-09-11 10:30:00,16.486000
linkoping,2018-09-11 10:15:00,15.539000
linkoping,2018-09-11 10:00:00,13.946000
linkoping,2018-09-11 09:45:00,13.553000
linkoping,2018-09-11 09:30:00,19.039000
linkoping,2018-09-11 09:15:00,16.893000
linkoping,2018-09-11 09:00:00,10.846000
linkoping,2018-09-11 08:45:00,13.166000
linkoping,2018-09-11 08:30:00,10.953000
linkoping,2018-09-11 08:15:00,7.319000
linkoping,2018-09-11 08:00:00,16.139000
linkoping,2018-09-11 07:45:00,10.866000
linkoping,2018-09-11 07:30:00,9.406000
linkoping,2018-09-11 07:15:00,11.246000
linkoping,2018-09-11 07:00:00,20.319000
linkoping,2018-09-11 06:45:00,19.139000
linkoping,2018-09-11 06:30:00,20.319000
linkoping,2018-09-11 06:15:00,20.286000
linkoping,2018-09-11 06:00:00,20.626000
linkoping,2018-09-11 05:45:00,21.486000
linkoping,2018-09-11 05:30:00,22.146000
linkoping,2018-09-11 05:15:00,17.186000
linkoping,2018-09-11 05:00:00,16.033000
linkoping,2018-09-11 04:45:00,14.739000
linkoping,2018-09-11 04:30:00,15.646000
linkoping,2018-09-11 04:15:00,17.099000
linkoping,2018-09-11 04:00:00,11.253000
linkoping,2018-09-11 03:45:00,11.419000
linkoping,2018-09-11 03:30:00,9.133000
linkoping,2018-09-11 03:15:00,9.779000
linkoping,2018-09-11 03:00:00,7.013000
linkoping,2018-09-11 02:45:00,7.473000
linkoping,2018-09-11 02:30:00,7.593000
linkoping,2018-09-11 02:15:00,6.306000
linkoping,2018-09-11 02:00:00,7.773000
linkoping,2018-09-11 01:45:00,7.573000
linkoping,2018-09-11 01:30:00,8.373000
linkoping,2018-09-11 01:15:00,8.019000
linkoping,2018-09-11 01:00:00,8.593000
linkoping,2018-09-11 00:45:00,8.026000
linkoping,2018-09-11 00:30:00,8.799000
linkoping,2018-09-11 00:15:00,10.059000
linkoping,2018-09-10 22:45:00,7.619000
linkoping,2018-09-10 22:30:00,8.553000
linkoping,2018-09-10 22:15:00,7.353000
linkoping,2018-09-10 22:00:00,6.879000
linkoping,2018-09-10 21:45:00,5.386000
linkoping,2018-09-10 21:30:00,5.786000
linkoping,2018-09-10 21:15:00,3.573000
linkoping,2018-09-10 21:00:00,4.753000
linkoping,2018-09-10 20:45:00,6.033000
linkoping,2018-09-10 20:30:00,7.506000
linkoping,2018-09-10 20:15:00,8.559000
linkoping,2018-09-10 20:00:00,8.846000
linkoping,2018-09-10 19:45:00,8.133000
linkoping,2018-09-10 19:30:00,5.253000
linkoping,2018-09-10 19:15:00,5.659000
linkoping,2018-09-10 19:00:00,4.339000
linkoping,2018-09-10 18:45:00,0.773000
linkoping,2018-09-10 18:30:00,-1.046000
linkoping,2018-09-10 18:15:00,2.719000
linkoping,2018-09-10 18:00:00,4.433000
linkoping,2018-09-10 17:45:00,5.919000
linkoping,2018-09-10 17:30:00,10.739000
linkoping,2018-09-10 17:15:00,9.466000
linkoping,2018-09-10 17:00:00,10.399000
linkoping,2018-09-10 16:45:00,2.606000
linkoping,2018-09-10 16:30:00,12.933000
linkoping,2018-09-10 16:15:00,5.319000
linkoping,2018-09-10 16:00:00,-9.119000
linkoping,2018-09-10 15:45:00,0.153000
linkoping,2018-09-10 15:30:00,1.973000
linkoping,2018-09-10 15:15:00,5.819000
linkoping,2018-09-10 15:00:00,3.853000
linkoping,2018-09-10 14:45:00,-0.426000
linkoping,2018-09-10 14:30:00,7.066000
linkoping,2018-09-10 14:15:00,7.613000
linkoping,2018-09-10 14:00:00,12.833000
linkoping,2018-09-10 13:45:00,15.599000
linkoping,2018-09-10 13:30:00,26.233000
linkoping,2018-09-10 13:15:00,14.779000
linkoping,2018-09-10 13:00:00,24.859000
linkoping,2018-09-10 12:45:00,29.999000
linkoping,2018-09-10 12:30:00,20.126000
linkoping,2018-09-10 12:15:00,23.986000
linkoping,2018-09-10 12:00:00,21.439000
linkoping,2018-09-10 11:45:00,10.013000
linkoping,2018-09-10 11:30:00,13.526000
linkoping,2018-09-10 11:15:00,-3.133000
linkoping,2018-09-10 11:00:00,2.873000
linkoping,2018-09-10 10:45:00,20.746000
linkoping,2018-09-10 10:30:00,28.746000
linkoping,2018-09-10 10:15:00,19.573000
linkoping,2018-09-10 10:00:00,10.553000
linkoping,2018-09-10 09:45:00,9.693000
linkoping,2018-09-10 09:30:00,27.299000
linkoping,2018-09-10 09:15:00,30.993000
linkoping,2018-09-10 09:00:00,22.666000
linkoping,2018-09-10 08:45:00,18.966000
linkoping,2018-09-10 08:30:00,17.706000
linkoping,2018-09-10 08:15:00,13.179000
linkoping,2018-09-10 08:00:00,11.266000
linkoping,2018-09-10 07:45:00,9.839000
linkoping,2018-09-10 07:30:00,15.039000
linkoping,2018-09-10 07:15:00,12.166000
linkoping,2018-09-10 07:00:00,10.539000
linkoping,2018-09-10 06:45:00,11.779000
linkoping,2018-09-10 06:30:00,21.486000
linkoping,2018-09-10 06:15:00,22.826000
linkoping,2018-09-10 06:00:00,11.633000
linkoping,2018-09-10 05:45:00,15.479000
linkoping,2018-09-10 05:30:00,19.006000
linkoping,2018-09-10 05:15:00,22.699000
linkoping,2018-09-10 05:00:00,20.759000
linkoping,2018-09-10 04:45:00,18.619000
linkoping,2018-09-10 04:30:00,13.299000
linkoping,2018-09-10 04:15:00,13.262000
linkoping,2018-09-10 04:00:00,12.933000
linkoping,2018-09-10 03:45:00,10.826000
linkoping,2018-09-10 03:30:00,12.293000
linkoping,2018-09-10 03:15:00,13.573000
linkoping,2018-09-10 03:00:00,10.459000
linkoping,2018-09-10 02:45:00,9.746000
linkoping,2018-09-10 02:30:00,10.559000
linkoping,2018-09-10 02:15:00,12.006000
linkoping,2018-09-10 02:00:00,12.659000
linkoping,2018-09-10 01:45:00,11.013000
linkoping,2018-09-10 01:30:00,12.166000
linkoping,2018-09-10 01:15:00,15.239000
linkoping,2018-09-10 01:00:00,15.893000
linkoping,2018-09-10 00:45:00,15.093000
linkoping,2018-09-10 00:30:00,12.393000
linkoping,2018-09-10 00:15:00,10.679000
linkoping,2018-09-09 22:45:00,9.559000
linkoping,2018-09-09 22:30:00,11.953000
linkoping,2018-09-09 22:15:00,8.666000
linkoping,2018-09-09 22:00:00,9.493000
linkoping,2018-09-09 21:45:00,7.219000
linkoping,2018-09-09 21:30:00,12.106000
linkoping,2018-09-09 21:15:00,13.453000
linkoping,2018-09-09 21:00:00,17.233000
linkoping,2018-09-09 20:45:00,19.486000
linkoping,2018-09-09 20:30:00,18.399000
linkoping,2018-09-09 20:15:00,17.999000
linkoping,2018-09-09 20:00:00,17.873000
linkoping,2018-09-09 19:45:00,19.566000
linkoping,2018-09-09 19:30:00,20.246000
linkoping,2018-09-09 19:15:00,15.633000
linkoping,2018-09-09 19:00:00,14.946000
linkoping,2018-09-09 18:45:00,14.799000
linkoping,2018-09-09 18:30:00,19.546000
linkoping,2018-09-09 18:15:00,21.926000
linkoping,2018-09-09 18:00:00,20.259000
linkoping,2018-09-09 17:45:00,16.686000
linkoping,2018-09-09 17:30:00,15.733000
linkoping,2018-09-09 17:15:00,24.173000
linkoping,2018-09-09 17:00:00,23.526000
linkoping,2018-09-09 16:45:00,19.839000
linkoping,2018-09-09 16:30:00,21.266000
linkoping,2018-09-09 16:15:00,24.746000
linkoping,2018-09-09 16:00:00,19.446000
linkoping,2018-09-09 15:45:00,17.739000
linkoping,2018-09-09 15:30:00,13.273000
linkoping,2018-09-09 15:15:00,15.573000
linkoping,2018-09-09 15:00:00,8.899000
linkoping,2018-09-09 14:45:00,5.919000
linkoping,2018-09-09 14:30:00,13.053000
linkoping,2018-09-09 14:15:00,20.439000
linkoping,2018-09-09 14:00:00,9.306000
linkoping,2018-09-09 13:45:00,3.953000
linkoping,2018-09-09 13:30:00,3.913000
linkoping,2018-09-09 13:15:00,13.719000
linkoping,2018-09-09 13:00:00,13.966000
linkoping,2018-09-09 12:45:00,7.493000
linkoping,2018-09-09 12:30:00,7.919000
linkoping,2018-09-09 12:15:00,16.626000
linkoping,2018-09-09 12:00:00,12.806000
linkoping,2018-09-09 11:45:00,6.159000
linkoping,2018-09-09 11:30:00,7.193000
linkoping,2018-09-09 11:15:00,10.146000
linkoping,2018-09-09 11:00:00,17.713000
linkoping,2018-09-09 10:45:00,7.493000
linkoping,2018-09-09 10:30:00,3.799000
linkoping,2018-09-09 10:15:00,19.199000
linkoping,2018-09-09 10:00:00,15.693000
linkoping,2018-09-09 09:45:00,-12.379000
linkoping,2018-09-09 09:30:00,7.186000
linkoping,2018-09-09 09:15:00,8.433000
linkoping,2018-09-09 09:00:00,4.586000
linkoping,2018-09-09 08:45:00,13.719000
linkoping,2018-09-09 08:30:00,11.799000
linkoping,2018-09-09 08:15:00,0.253000
linkoping,2018-09-09 08:00:00,10.113000
linkoping,2018-09-09 07:45:00,10.106000
linkoping,2018-09-09 07:30:00,7.513000
linkoping,2018-09-09 07:15:00,3.926000
linkoping,2018-09-09 07:00:00,6.019000
linkoping,2018-09-09 06:45:00,8.086000
linkoping,2018-09-09 06:30:00,6.453000
linkoping,2018-09-09 06:15:00,8.186000
linkoping,2018-09-09 06:00:00,10.773000
linkoping,2018-09-09 05:45:00,11.899000
linkoping,2018-09-09 05:30:00,11.419000
linkoping,2018-09-09 05:15:00,9.466000
linkoping,2018-09-09 05:00:00,8.419000
linkoping,2018-09-09 04:45:00,10.146000
linkoping,2018-09-09 04:30:00,9.466000
linkoping,2018-09-09 04:15:00,6.418000
linkoping,2018-09-09 04:00:00,7.579000
linkoping,2018-09-09 03:45:00,7.559000
linkoping,2018-09-09 03:30:00,7.459000
linkoping,2018-09-09 03:15:00,7.806000
linkoping,2018-09-09 03:00:00,8.419000
linkoping,2018-09-09 02:45:00,6.966000
linkoping,2018-09-09 02:30:00,7.726000
linkoping,2018-09-09 02:15:00,6.799000
linkoping,2018-09-09 02:00:00,7.386000
linkoping,2018-09-09 01:45:00,7.586000
linkoping,2018-09-09 01:30:00,7.593000
linkoping,2018-09-09 01:15:00,9.546000
linkoping,2018-09-09 01:00:00,10.919000
linkoping,2018-09-09 00:45:00,9.633000
linkoping,2018-09-09 00:30:00,9.566000
linkoping,2018-09-09 00:15:00,11.633000
linkoping,2018-09-08 22:45:00,9.159000
linkoping,2018-09-08 22:30:00,7.719000
linkoping,2018-09-08 22:15:00,8.379000
linkoping,2018-09-08 22:00:00,9.033000
linkoping,2018-09-08 21:45:00,9.779000
linkoping,2018-09-08 21:30:00,10.386000
linkoping,2018-09-08 21:15:00,9.873000
linkoping,2018-09-08 21:00:00,14.533000
linkoping,2018-09-08 20:45:00,12.233000
linkoping,2018-09-08 20:30:00,12.946000
linkoping,2018-09-08 20:15:00,15.859000
linkoping,2018-09-08 20:00:00,13.699000
linkoping,2018-09-08 19:45:00,13.093000
linkoping,2018-09-08 19:30:00,14.073000
linkoping,2018-09-08 19:15:00,17.599000
linkoping,2018-09-08 19:00:00,13.646000
linkoping,2018-09-08 18:45:00,15.239000
linkoping,2018-09-08 18:30:00,13.106000
linkoping,2018-09-08 18:15:00,16.313000
linkoping,2018-09-08 18:00:00,14.219000
linkoping,2018-09-08 17:45:00,17.453000
linkoping,2018-09-08 17:30:00,15.686000
linkoping,2018-09-08 17:15:00,15.373000
linkoping,2018-09-08 17:00:00,14.699000
linkoping,2018-09-08 16:45:00,9.479000
linkoping,2018-09-08 16:30:00,11.473000
linkoping,2018-09-08 16:15:00,11.799000
linkoping,2018-09-08 16:00:00,13.726000
linkoping,2018-09-08 15:45:00,9.253000
linkoping,2018-09-08 15:30:00,8.579000
linkoping,2018-09-08 15:15:00,6.873000
linkoping,2018-09-08 15:00:00,8.946000
linkoping,2018-09-08 14:45:00,3.299000
linkoping,2018-09-08 14:30:00,8.679000
linkoping,2018-09-08 14:15:00,7.579000
linkoping,2018-09-08 14:00:00,8.166000
linkoping,2018-09-08 13:45:00,12.599000
linkoping,2018-09-08 13:30:00,-1.279000
linkoping,2018-09-08 13:15:00,4.906000
linkoping,2018-09-08 13:00:00,-1.513000
linkoping,2018-09-08 12:45:00,-16.679000
linkoping,2018-09-08 12:30:00,-31.653000
linkoping,2018-09-08 12:15:00,-27.479000
linkoping,2018-09-08 12:00:00,9.873000
linkoping,2018-09-08 11:45:00,12.219000
linkoping,2018-09-08 11:30:00,11.826000
linkoping,2018-09-08 11:15:00,9.193000
linkoping,2018-09-08 11:00:00,9.293000
linkoping,2018-09-08 10:45:00,8.119000
linkoping,2018-09-08 10:30:00,4.773000
linkoping,2018-09-08 10:15:00,-10.466000
linkoping,2018-09-08 10:00:00,0.279000
linkoping,2018-09-08 09:45:00,-1.886000
linkoping,2018-09-08 09:30:00,0.046000
linkoping,2018-09-08 09:15:00,1.826000
linkoping,2018-09-08 09:00:00,-4.193000
linkoping,2018-09-08 08:45:00,-1.439000
linkoping,2018-09-08 08:30:00,-20.713000
linkoping,2018-09-08 08:15:00,-13.686000
linkoping,2018-09-08 08:00:00,11.573000
linkoping,2018-09-08 07:45:00,12.533000
linkoping,2018-09-08 07:30:00,18.266000
linkoping,2018-09-08 07:15:00,22.013000
linkoping,2018-09-08 07:00:00,22.519000
linkoping,2018-09-08 06:45:00,19.826000
linkoping,2018-09-08 06:30:00,20.073000
linkoping,2018-09-08 06:15:00,22.139000
linkoping,2018-09-08 06:00:00,20.219000
linkoping,2018-09-08 05:45:00,22.286000
linkoping,2018-09-08 05:30:00,24.559000
linkoping,2018-09-08 05:15:00,27.493000
linkoping,2018-09-08 05:00:00,22.826000
linkoping,2018-09-08 04:45:00,21.826000
linkoping,2018-09-08 04:30:00,22.519000
linkoping,2018-09-08 04:15:00,28.418000
linkoping,2018-09-08 04:00:00,30.939000
linkoping,2018-09-08 03:45:00,32.819000
linkoping,2018-09-08 03:30:00,30.366000
linkoping,2018-09-08 03:15:00,27.826000
linkoping,2018-09-08 03:00:00,27.693000
linkoping,2018-09-08 02:45:00,26.973000
linkoping,2018-09-08 02:30:00,27.179000
linkoping,2018-09-08 02:15:00,25.999000
linkoping,2018-09-08 02:00:00,28.913000
linkoping,2018-09-08 01:45:00,26.079000
linkoping,2018-09-08 01:30:00,29.739000
linkoping,2018-09-08 01:15:00,31.159000
linkoping,2018-09-08 01:00:00,28.533000
linkoping,2018-09-08 00:45:00,21.546000
linkoping,2018-09-08 00:30:00,29.879000
linkoping,2018-09-08 00:15:00,30.299000
linkoping,2018-09-07 22:45:00,32.593000
linkoping,2018-09-07 22:30:00,30.953000
linkoping,2018-09-07 22:15:00,33.846000
linkoping,2018-09-07 22:00:00,35.333000
linkoping,2018-09-07 21:45:00,36.166000
linkoping,2018-09-07 21:30:00,35.586000
linkoping,2018-09-07 21:15:00,34.866000
linkoping,2018-09-07 21:00:00,34.173000
linkoping,2018-09-07 20:45:00,33.273000
linkoping,2018-09-07 20:30:00,30.826000
linkoping,2018-09-07 20:15:00,32.619000
linkoping,2018-09-07 20:00:00,33.126000
linkoping,2018-09-07 19:45:00,30.266000
linkoping,2018-09-07 19:30:00,26.186000
linkoping,2018-09-07 19:15:00,22.893000
linkoping,2018-09-07 19:00:00,26.206000
linkoping,2018-09-07 18:45:00,26.373000
linkoping,2018-09-07 18:30:00,29.079000
linkoping,2018-09-07 18:15:00,32.266000
linkoping,2018-09-07 18:00:00,31.559000
linkoping,2018-09-07 17:45:00,29.526000
linkoping,2018-09-07 17:30:00,21.759000
linkoping,2018-09-07 17:15:00,11.626000
linkoping,2018-09-07 17:00:00,17.006000
linkoping,2018-09-07 16:45:00,27.259000
linkoping,2018-09-07 16:30:00,35.306000
linkoping,2018-09-07 16:15:00,35.213000
linkoping,2018-09-07 16:00:00,35.573000
linkoping,2018-09-07 15:45:00,31.606000
linkoping,2018-09-07 15:30:00,32.633000
linkoping,2018-09-07 15:15:00,21.566000
linkoping,2018-09-07 15:00:00,21.246000
linkoping,2018-09-07 14:45:00,18.033000
linkoping,2018-09-07 14:30:00,16.906000
linkoping,2018-09-07 14:15:00,20.679000
linkoping,2018-09-07 14:00:00,23.326000
linkoping,2018-09-07 13:45:00,19.913000
linkoping,2018-09-07 13:30:00,20.073000
linkoping,2018-09-07 13:15:00,23.133000
linkoping,2018-09-07 13:00:00,23.393000
linkoping,2018-09-07 12:45:00,27.539000
linkoping,2018-09-07 12:30:00,29.206000
linkoping,2018-09-07 12:15:00,30.486000
linkoping,2018-09-07 12:00:00,31.513000
linkoping,2018-09-07 11:45:00,30.786000
linkoping,2018-09-07 11:30:00,27.366000
linkoping,2018-09-07 11:15:00,27.799000
linkoping,2018-09-07 11:00:00,19.886000
linkoping,2018-09-07 10:45:00,17.079000
linkoping,2018-09-07 10:30:00,18.406000
linkoping,2018-09-07 10:15:00,21.739000
linkoping,2018-09-07 10:00:00,27.053000
linkoping,2018-09-07 09:45:00,28.993000
linkoping,2018-09-07 09:30:00,27.259000
linkoping,2018-09-07 09:15:00,16.486000
linkoping,2018-09-07 09:00:00,19.166000
linkoping,2018-09-07 08:45:00,23.913000
linkoping,2018-09-07 08:30:00,27.666000
linkoping,2018-09-07 08:15:00,23.519000
linkoping,2018-09-07 08:00:00,18.046000
linkoping,2018-09-07 07:45:00,15.953000
linkoping,2018-09-07 07:30:00,16.213000
linkoping,2018-09-07 07:15:00,17.879000
linkoping,2018-09-07 07:00:00,19.253000
linkoping,2018-09-07 06:45:00,19.286000
linkoping,2018-09-07 06:30:00,14.653000
linkoping,2018-09-07 06:15:00,18.426000
linkoping,2018-09-07 06:00:00,17.693000
linkoping,2018-09-07 05:45:00,15.853000
linkoping,2018-09-07 05:30:00,19.866000
linkoping,2018-09-07 05:15:00,17.219000
linkoping,2018-09-07 05:00:00,16.526000
linkoping,2018-09-07 04:45:00,16.499000
linkoping,2018-09-07 04:30:00,17.926000
linkoping,2018-09-07 04:15:00,15.018000
linkoping,2018-09-07 04:00:00,10.579000
linkoping,2018-09-07 03:45:00,9.459000
linkoping,2018-09-07 03:30:00,6.513000
linkoping,2018-09-07 03:15:00,4.733000
linkoping,2018-09-07 03:00:00,5.526000
linkoping,2018-09-07 02:45:00,9.573000
linkoping,2018-09-07 02:30:00,14.719000
linkoping,2018-09-07 02:15:00,7.853000
linkoping,2018-09-07 02:00:00,6.806000
linkoping,2018-09-07 01:45:00,6.726000
linkoping,2018-09-07 01:30:00,5.266000
linkoping,2018-09-07 01:15:00,7.653000
linkoping,2018-09-07 01:00:00,7.033000
linkoping,2018-09-07 00:45:00,9.293000
linkoping,2018-09-07 00:30:00,11.159000
linkoping,2018-09-07 00:15:00,16.119000
linkoping,2018-09-06 22:45:00,8.386000
linkoping,2018-09-06 22:30:00,8.533000
linkoping,2018-09-06 22:15:00,9.919000
linkoping,2018-09-06 22:00:00,16.226000
linkoping,2018-09-06 21:45:00,14.746000
linkoping,2018-09-06 21:30:00,15.446000
linkoping,2018-09-06 21:15:00,17.686000
linkoping,2018-09-06 21:00:00,13.266000
linkoping,2018-09-06 20:45:00,12.566000
linkoping,2018-09-06 20:30:00,11.119000
linkoping,2018-09-06 20:15:00,8.246000
linkoping,2018-09-06 20:00:00,9.093000
linkoping,2018-09-06 19:45:00,6.833000
linkoping,2018-09-06 19:30:00,9.213000
linkoping,2018-09-06 19:15:00,11.673000
linkoping,2018-09-06 19:00:00,14.279000
linkoping,2018-09-06 18:45:00,13.106000
linkoping,2018-09-06 18:30:00,12.259000
linkoping,2018-09-06 18:15:00,11.733000
linkoping,2018-09-06 18:00:00,12.726000
linkoping,2018-09-06 17:45:00,11.193000
linkoping,2018-09-06 17:30:00,9.073000
linkoping,2018-09-06 17:15:00,9.379000
linkoping,2018-09-06 17:00:00,5.233000
linkoping,2018-09-06 16:45:00,10.706000
linkoping,2018-09-06 16:30:00,15.046000
linkoping,2018-09-06 16:15:00,1.340000
linkoping,2018-09-06 16:00:00,6.966000
linkoping,2018-09-06 15:45:00,15.953000
linkoping,2018-09-06 15:30:00,16.099000
linkoping,2018-09-06 15:15:00,7.446000
linkoping,2018-09-06 15:00:00,13.006000
linkoping,2018-09-06 14:45:00,18.046000
linkoping,2018-09-06 14:30:00,12.506000
linkoping,2018-09-06 14:15:00,15.753000
linkoping,2018-09-06 14:00:00,25.799000
linkoping,2018-09-06 13:45:00,24.499000
linkoping,2018-09-06 13:30:00,12.039000
linkoping,2018-09-06 13:15:00,13.106000
linkoping,2018-09-06 13:00:00,16.626000
linkoping,2018-09-06 12:45:00,11.793000
linkoping,2018-09-06 12:30:00,12.073000
linkoping,2018-09-06 12:15:00,18.806000
linkoping,2018-09-06 12:00:00,17.839000
linkoping,2018-09-06 11:45:00,7.719000
linkoping,2018-09-06 11:30:00,9.239000
linkoping,2018-09-06 11:15:00,14.153000
linkoping,2018-09-06 11:00:00,5.119000
linkoping,2018-09-06 10:45:00,9.193000
linkoping,2018-09-06 10:30:00,3.879000
linkoping,2018-09-06 10:15:00,-1.366000
linkoping,2018-09-06 10:00:00,8.979000
linkoping,2018-09-06 09:45:00,8.013000
linkoping,2018-09-06 09:30:00,10.459000
linkoping,2018-09-06 09:15:00,13.633000
linkoping,2018-09-06 09:00:00,8.459000
linkoping,2018-09-06 08:45:00,15.099000
linkoping,2018-09-06 08:30:00,15.446000
linkoping,2018-09-06 08:15:00,15.046000
linkoping,2018-09-06 08:00:00,12.239000
linkoping,2018-09-06 07:45:00,8.379000
linkoping,2018-09-06 07:30:00,11.539000
linkoping,2018-09-06 07:15:00,13.053000
linkoping,2018-09-06 07:00:00,20.093000
linkoping,2018-09-06 06:45:00,24.559000
linkoping,2018-09-06 06:30:00,19.839000
linkoping,2018-09-06 06:15:00,19.113000
linkoping,2018-09-06 06:00:00,21.466000
linkoping,2018-09-06 05:45:00,20.259000
linkoping,2018-09-06 05:30:00,17.366000
linkoping,2018-09-06 05:15:00,21.779000
linkoping,2018-09-06 05:00:00,18.133000
linkoping,2018-09-06 04:45:00,19.513000
linkoping,2018-09-06 04:30:00,18.266000
linkoping,2018-09-06 04:15:00,16.418000
linkoping,2018-09-06 04:00:00,15.973000
linkoping,2018-09-06 03:45:00,14.339000
linkoping,2018-09-06 03:30:00,13.386000
linkoping,2018-09-06 03:15:00,10.373000
linkoping,2018-09-06 03:00:00,11.486000
linkoping,2018-09-06 02:45:00,7.119000
linkoping,2018-09-06 02:30:00,8.093000
linkoping,2018-09-06 02:15:00,8.486000
linkoping,2018-09-06 02:00:00,6.273000
linkoping,2018-09-06 01:45:00,5.479000
linkoping,2018-09-06 01:30:00,7.119000
linkoping,2018-09-06 01:15:00,4.953000
linkoping,2018-09-06 01:00:00,6.893000
linkoping,2018-09-06 00:45:00,5.753000
linkoping,2018-09-06 00:30:00,10.526000
linkoping,2018-09-06 00:15:00,7.713000
linkoping,2018-09-05 22:45:00,7.773000
linkoping,2018-09-05 22:30:00,8.186000
linkoping,2018-09-05 22:15:00,7.666000
linkoping,2018-09-05 22:00:00,8.546000
linkoping,2018-09-05 21:45:00,8.913000
linkoping,2018-09-05 21:30:00,9.233000
linkoping,2018-09-05 21:15:00,6.479000
linkoping,2018-09-05 21:00:00,8.726000
linkoping,2018-09-05 20:45:00,13.326000
linkoping,2018-09-05 20:30:00,10.639000
linkoping,2018-09-05 20:15:00,16.433000
linkoping,2018-09-05 20:00:00,19.313000
linkoping,2018-09-05 19:45:00,18.799000
linkoping,2018-09-05 19:30:00,15.406000
linkoping,2018-09-05 19:15:00,15.346000
linkoping,2018-09-05 19:00:00,17.866000
linkoping,2018-09-05 18:45:00,24.206000
linkoping,2018-09-05 18:30:00,22.539000
linkoping,2018-09-05 18:15:00,29.419000
linkoping,2018-09-05 18:00:00,29.946000
linkoping,2018-09-05 17:45:00,33.833000
linkoping,2018-09-05 17:30:00,42.339000
linkoping,2018-09-05 17:15:00,24.639000
linkoping,2018-09-05 17:00:00,22.279000
linkoping,2018-09-05 16:45:00,24.166000
linkoping,2018-09-05 16:30:00,27.573000
linkoping,2018-09-05 16:15:00,28.466000
linkoping,2018-09-05 16:00:00,24.139000
linkoping,2018-09-05 15:45:00,24.933000
linkoping,2018-09-05 15:30:00,33.799000
linkoping,2018-09-05 15:15:00,32.059000
linkoping,2018-09-05 15:00:00,18.033000
linkoping,2018-09-05 14:45:00,14.926000
linkoping,2018-09-05 14:30:00,19.306000
linkoping,2018-09-05 14:15:00,17.833000
linkoping,2018-09-05 14:00:00,17.699000
linkoping,2018-09-05 13:45:00,13.626000
linkoping,2018-09-05 13:30:00,16.879000
linkoping,2018-09-05 13:15:00,5.126000
linkoping,2018-09-05 13:00:00,26.873000
linkoping,2018-09-05 12:45:00,88.053000
linkoping,2018-09-05 12:30:00,66.493000
linkoping,2018-09-05 12:15:00,47.126000
linkoping,2018-09-05 12:00:00,21.759000
linkoping,2018-09-05 11:45:00,37.199000
linkoping,2018-09-05 11:30:00,40.493000
linkoping,2018-09-05 11:15:00,10.366000
linkoping,2018-09-05 11:00:00,14.826000
linkoping,2018-09-05 10:45:00,10.213000
linkoping,2018-09-05 10:30:00,2.866000
linkoping,2018-09-05 10:15:00,10.126000
linkoping,2018-09-05 10:00:00,17.973000
linkoping,2018-09-05 09:45:00,15.166000
linkoping,2018-09-05 09:30:00,19.606000
linkoping,2018-09-05 09:15:00,24.326000
linkoping,2018-09-05 09:00:00,20.266000
linkoping,2018-09-05 08:45:00,28.386000
linkoping,2018-09-05 08:30:00,37.439000
linkoping,2018-09-05 08:15:00,27.999000
linkoping,2018-09-05 08:00:00,22.599000
linkoping,2018-09-05 07:45:00,34.213000
linkoping,2018-09-05 07:30:00,41.653000
linkoping,2018-09-05 07:15:00,51.213000
linkoping,2018-09-05 07:00:00,49.339000
linkoping,2018-09-05 06:45:00,47.473000
linkoping,2018-09-05 06:30:00,42.939000
linkoping,2018-09-05 06:15:00,43.299000
linkoping,2018-09-05 06:00:00,45.813000
linkoping,2018-09-05 05:45:00,43.273000
linkoping,2018-09-05 05:30:00,42.893000
linkoping,2018-09-05 05:15:00,31.519000
linkoping,2018-09-05 05:00:00,26.679000
linkoping,2018-09-05 04:45:00,21.093000
linkoping,2018-09-05 04:30:00,24.473000
linkoping,2018-09-05 04:15:00,20.843000
linkoping,2018-09-05 04:00:00,17.913000
linkoping,2018-09-05 03:45:00,15.966000
linkoping,2018-09-05 03:30:00,11.199000
linkoping,2018-09-05 03:15:00,7.253000
linkoping,2018-09-05 03:00:00,4.699000
linkoping,2018-09-05 02:45:00,3.939000
linkoping,2018-09-05 02:30:00,9.093000
linkoping,2018-09-05 02:15:00,10.393000
linkoping,2018-09-05 02:00:00,10.839000
linkoping,2018-09-05 01:45:00,10.513000
linkoping,2018-09-05 01:30:00,4.839000
linkoping,2018-09-05 01:15:00,4.386000
linkoping,2018-09-05 01:00:00,8.359000
linkoping,2018-09-05 00:45:00,9.226000
linkoping,2018-09-05 00:30:00,13.533000
linkoping,2018-09-05 00:15:00,12.106000
linkoping,2018-09-04 22:45:00,17.386000
linkoping,2018-09-04 22:30:00,16.519000
linkoping,2018-09-04 22:15:00,20.219000
linkoping,2018-09-04 22:00:00,16.006000
linkoping,2018-09-04 21:45:00,13.446000
linkoping,2018-09-04 21:30:00,20.753000
linkoping,2018-09-04 21:15:00,13.806000
linkoping,2018-09-04 21:00:00,15.986000
linkoping,2018-09-04 20:45:00,17.066000
linkoping,2018-09-04 20:30:00,18.613000
linkoping,2018-09-04 20:15:00,15.966000
linkoping,2018-09-04 20:00:00,22.379000
linkoping,2018-09-04 19:45:00,23.979000
linkoping,2018-09-04 19:30:00,26.453000
linkoping,2018-09-04 19:15:00,24.959000
linkoping,2018-09-04 19:00:00,23.386000
linkoping,2018-09-04 18:45:00,33.986000
linkoping,2018-09-04 18:30:00,40.019000
linkoping,2018-09-04 18:15:00,26.819000
linkoping,2018-09-04 18:00:00,26.546000
linkoping,2018-09-04 17:45:00,23.426000
linkoping,2018-09-04 17:30:00,12.619000
linkoping,2018-09-04 17:15:00,7.913000
linkoping,2018-09-04 17:00:00,10.586000
linkoping,2018-09-04 16:45:00,14.839000
linkoping,2018-09-04 16:30:00,23.659000
linkoping,2018-09-04 16:15:00,19.579000
linkoping,2018-09-04 16:00:00,18.953000
linkoping,2018-09-04 15:45:00,19.839000
linkoping,2018-09-04 15:30:00,18.259000
linkoping,2018-09-04 15:15:00,12.059000
linkoping,2018-09-04 15:00:00,11.733000
linkoping,2018-09-04 14:45:00,16.153000
linkoping,2018-09-04 14:30:00,19.186000
linkoping,2018-09-04 14:15:00,18.806000
linkoping,2018-09-04 14:00:00,15.273000
linkoping,2018-09-04 13:45:00,15.613000
linkoping,2018-09-04 13:30:00,20.819000
linkoping,2018-09-04 13:15:00,16.133000
linkoping,2018-09-04 13:00:00,15.219000
linkoping,2018-09-04 12:45:00,10.973000
linkoping,2018-09-04 12:30:00,9.479000
linkoping,2018-09-04 12:15:00,14.866000
linkoping,2018-09-04 12:00:00,9.519000
linkoping,2018-09-04 11:45:00,14.199000
linkoping,2018-09-04 11:30:00,22.946000
linkoping,2018-09-04 11:15:00,27.013000
linkoping,2018-09-04 11:00:00,22.333000
linkoping,2018-09-04 10:45:00,22.553000
linkoping,2018-09-04 10:30:00,16.999000
linkoping,2018-09-04 10:15:00,7.333000
linkoping,2018-09-04 10:00:00,10.893000
linkoping,2018-09-04 09:45:00,20.859000
linkoping,2018-09-04 09:30:00,4.273000
linkoping,2018-09-04 09:15:00,9.373000
linkoping,2018-09-04 09:00:00,17.533000
linkoping,2018-09-04 08:45:00,15.259000
linkoping,2018-09-04 08:30:00,15.406000
linkoping,2018-09-04 08:15:00,3.399000
linkoping,2018-09-04 08:00:00,12.579000
linkoping,2018-09-04 07:45:00,19.193000
linkoping,2018-09-04 07:30:00,27.413000
linkoping,2018-09-04 07:15:00,32.159000
linkoping,2018-09-04 07:00:00,40.773000
linkoping,2018-09-04 06:45:00,41.746000
linkoping,2018-09-04 06:30:00,49.933000
linkoping,2018-09-04 06:15:00,54.913000
linkoping,2018-09-04 06:00:00,49.799000
linkoping,2018-09-04 05:45:00,40.453000
linkoping,2018-09-04 05:30:00,28.879000
linkoping,2018-09-04 05:15:00,25.813000
linkoping,2018-09-04 05:00:00,24.866000
linkoping,2018-09-04 04:45:00,19.606000
linkoping,2018-09-04 04:30:00,11.633000
linkoping,2018-09-04 04:15:00,17.874000
linkoping,2018-09-04 04:00:00,11.846000
linkoping,2018-09-04 03:45:00,9.839000
linkoping,2018-09-04 03:30:00,6.239000
linkoping,2018-09-04 03:15:00,9.999000
linkoping,2018-09-04 03:00:00,6.259000
linkoping,2018-09-04 02:45:00,5.813000
linkoping,2018-09-04 02:30:00,3.433000
linkoping,2018-09-04 02:15:00,3.346000
linkoping,2018-09-04 02:00:00,3.093000
linkoping,2018-09-04 01:45:00,1.819000
linkoping,2018-09-04 01:30:00,4.326000
linkoping,2018-09-04 01:15:00,6.093000
linkoping,2018-09-04 01:00:00,3.859000
linkoping,2018-09-04 00:45:00,3.493000
linkoping,2018-09-04 00:30:00,4.113000
linkoping,2018-09-04 00:15:00,3.753000
linkoping,2018-09-03 22:45:00,8.826000
linkoping,2018-09-03 22:30:00,13.113000
linkoping,2018-09-03 22:15:00,15.326000
linkoping,2018-09-03 22:00:00,13.499000
linkoping,2018-09-03 21:45:00,15.699000
linkoping,2018-09-03 21:30:00,15.659000
linkoping,2018-09-03 21:15:00,13.986000
linkoping,2018-09-03 21:00:00,11.193000
linkoping,2018-09-03 20:45:00,7.746000
linkoping,2018-09-03 20:30:00,10.373000
linkoping,2018-09-03 20:15:00,11.813000
linkoping,2018-09-03 20:00:00,13.786000
linkoping,2018-09-03 19:45:00,10.493000
linkoping,2018-09-03 19:30:00,10.559000
linkoping,2018-09-03 19:15:00,8.666000
linkoping,2018-09-03 19:00:00,8.806000
linkoping,2018-09-03 18:45:00,9.693000
linkoping,2018-09-03 18:30:00,6.006000
linkoping,2018-09-03 18:15:00,8.933000
linkoping,2018-09-03 18:00:00,13.953000
linkoping,2018-09-03 17:45:00,9.093000
linkoping,2018-09-03 17:30:00,11.153000
linkoping,2018-09-03 17:15:00,10.806000
linkoping,2018-09-03 17:00:00,9.899000
linkoping,2018-09-03 16:45:00,38.019000
linkoping,2018-09-03 16:30:00,23.866000
linkoping,2018-09-03 16:15:00,11.733000
linkoping,2018-09-03 16:00:00,12.599000
linkoping,2018-09-03 15:45:00,-3.153000
linkoping,2018-09-03 15:30:00,2.539000
linkoping,2018-09-03 15:15:00,5.059000
linkoping,2018-09-03 15:00:00,8.446000
linkoping,2018-09-03 14:45:00,8.706000
linkoping,2018-09-03 14:30:00,14.773000
linkoping,2018-09-03 14:15:00,6.126000
linkoping,2018-09-03 14:00:00,0.939000
linkoping,2018-09-03 13:45:00,21.646000
linkoping,2018-09-03 13:30:00,18.599000
linkoping,2018-09-03 13:15:00,28.986000
linkoping,2018-09-03 13:00:00,40.493000
linkoping,2018-09-03 12:45:00,10.953000
linkoping,2018-09-03 12:30:00,9.246000
linkoping,2018-09-03 12:15:00,13.466000
linkoping,2018-09-03 12:00:00,-6.386000
linkoping,2018-09-03 11:45:00,15.386000
linkoping,2018-09-03 11:30:00,5.466000
linkoping,2018-09-03 11:15:00,-0.073000
linkoping,2018-09-03 11:00:00,-3.500000
linkoping,2018-09-03 10:45:00,-6.653000
linkoping,2018-09-03 10:30:00,2.973000
linkoping,2018-09-03 10:15:00,5.759000
linkoping,2018-09-03 10:00:00,6.139000
linkoping,2018-09-03 09:45:00,9.226000
linkoping,2018-09-03 09:30:00,8.066000
linkoping,2018-09-03 09:15:00,5.026000
linkoping,2018-09-03 09:00:00,1.586000
linkoping,2018-09-03 08:45:00,8.886000
linkoping,2018-09-03 08:30:00,20.706000
linkoping,2018-09-03 08:15:00,4.613000
linkoping,2018-09-03 08:00:00,13.179000
linkoping,2018-09-03 07:45:00,16.926000
linkoping,2018-09-03 07:30:00,32.779000
linkoping,2018-09-03 07:15:00,31.819000
linkoping,2018-09-03 07:00:00,31.233000
linkoping,2018-09-03 06:45:00,29.053000
linkoping,2018-09-03 06:30:00,26.093000
linkoping,2018-09-03 06:15:00,29.406000
linkoping,2018-09-03 06:00:00,35.326000
linkoping,2018-09-03 05:45:00,33.486000
linkoping,2018-09-03 05:30:00,32.559000
linkoping,2018-09-03 05:15:00,34.206000
linkoping,2018-09-03 05:00:00,30.966000
linkoping,2018-09-03 04:45:00,24.299000
linkoping,2018-09-03 04:30:00,17.926000
linkoping,2018-09-03 04:15:00,20.681000
linkoping,2018-09-03 04:00:00,12.426000
linkoping,2018-09-03 03:45:00,10.039000
linkoping,2018-09-03 03:30:00,7.946000
linkoping,2018-09-03 03:15:00,10.106000
linkoping,2018-09-03 03:00:00,5.753000
linkoping,2018-09-03 02:45:00,8.619000
linkoping,2018-09-03 02:30:00,8.246000
linkoping,2018-09-03 02:15:00,7.593000
linkoping,2018-09-03 02:00:00,7.373000
linkoping,2018-09-03 01:45:00,6.593000
linkoping,2018-09-03 01:30:00,2.399000
linkoping,2018-09-03 01:15:00,0.700000
linkoping,2018-09-03 01:00:00,4.613000
linkoping,2018-09-03 00:45:00,4.873000
linkoping,2018-09-03 00:30:00,6.366000
linkoping,2018-09-03 00:15:00,6.733000
linkoping,2018-09-02 22:45:00,9.593000
linkoping,2018-09-02 22:30:00,10.613000
linkoping,2018-09-02 22:15:00,10.799000
linkoping,2018-09-02 22:00:00,14.933000
linkoping,2018-09-02 21:45:00,15.499000
linkoping,2018-09-02 21:30:00,15.073000
linkoping,2018-09-02 21:15:00,5.633000
linkoping,2018-09-02 21:00:00,6.839000
linkoping,2018-09-02 20:45:00,9.633000
linkoping,2018-09-02 20:30:00,14.366000
linkoping,2018-09-02 20:15:00,15.206000
linkoping,2018-09-02 20:00:00,14.693000
linkoping,2018-09-02 19:45:00,19.179000
linkoping,2018-09-02 19:30:00,20.173000
linkoping,2018-09-02 19:15:00,27.699000
linkoping,2018-09-02 19:00:00,30.993000
linkoping,2018-09-02 18:45:00,29.813000
linkoping,2018-09-02 18:30:00,26.066000
linkoping,2018-09-02 18:15:00,28.513000
linkoping,2018-09-02 18:00:00,29.293000
linkoping,2018-09-02 17:45:00,27.973000
linkoping,2018-09-02 17:30:00,30.366000
linkoping,2018-09-02 17:15:00,17.253000
linkoping,2018-09-02 17:00:00,19.359000
linkoping,2018-09-02 16:45:00,18.613000
linkoping,2018-09-02 16:30:00,21.606000
linkoping,2018-09-02 16:15:00,11.033000
linkoping,2018-09-02 16:00:00,13.899000
linkoping,2018-09-02 15:45:00,12.086000
linkoping,2018-09-02 15:30:00,10.146000
linkoping,2018-09-02 15:15:00,9.979000
linkoping,2018-09-02 15:00:00,15.346000
linkoping,2018-09-02 14:45:00,19.213000
linkoping,2018-09-02 14:30:00,11.806000
linkoping,2018-09-02 14:15:00,6.219000
linkoping,2018-09-02 14:00:00,9.833000
linkoping,2018-09-02 13:45:00,12.133000
linkoping,2018-09-02 13:30:00,15.339000
linkoping,2018-09-02 13:15:00,20.213000
linkoping,2018-09-02 13:00:00,33.193000
linkoping,2018-09-02 12:45:00,8.586000
linkoping,2018-09-02 12:30:00,9.373000
linkoping,2018-09-02 12:15:00,27.779000
linkoping,2018-09-02 12:00:00,29.473000
linkoping,2018-09-02 11:45:00,13.553000
linkoping,2018-09-02 11:30:00,13.273000
linkoping,2018-09-02 11:15:00,14.059000
linkoping,2018-09-02 11:00:00,15.433000
linkoping,2018-09-02 10:45:00,12.913000
linkoping,2018-09-02 10:30:00,15.739000
linkoping,2018-09-02 10:15:00,13.239000
linkoping,2018-09-02 10:00:00,8.959000
linkoping,2018-09-02 09:45:00,6.926000
linkoping,2018-09-02 09:30:00,10.633000
linkoping,2018-09-02 09:15:00,3.606000
linkoping,2018-09-02 09:00:00,11.059000
linkoping,2018-09-02 08:45:00,8.859000
linkoping,2018-09-02 08:30:00,11.473000
linkoping,2018-09-02 08:15:00,13.946000
linkoping,2018-09-02 08:00:00,6.106000
linkoping,2018-09-02 07:45:00,7.753000
linkoping,2018-09-02 07:30:00,14.479000
linkoping,2018-09-02 07:15:00,7.306000
linkoping,2018-09-02 07:00:00,7.113000
linkoping,2018-09-02 06:45:00,9.486000
linkoping,2018-09-02 06:30:00,11.033000
linkoping,2018-09-02 06:15:00,17.746000
linkoping,2018-09-02 06:00:00,18.846000
linkoping,2018-09-02 05:45:00,15.366000
linkoping,2018-09-02 05:30:00,9.579000
linkoping,2018-09-02 05:15:00,9.979000
linkoping,2018-09-02 05:00:00,12.199000
linkoping,2018-09-02 04:45:00,11.626000
linkoping,2018-09-02 04:30:00,6.853000
linkoping,2018-09-02 04:15:00,5.212000
linkoping,2018-09-02 04:00:00,3.953000
linkoping,2018-09-02 03:45:00,2.666000
linkoping,2018-09-02 03:30:00,3.079000
linkoping,2018-09-02 03:15:00,4.333000
linkoping,2018-09-02 03:00:00,5.913000
linkoping,2018-09-02 02:45:00,2.226000
linkoping,2018-09-02 02:30:00,4.979000
linkoping,2018-09-02 02:15:00,4.879000
linkoping,2018-09-02 02:00:00,5.513000
linkoping,2018-09-02 01:45:00,6.919000
linkoping,2018-09-02 01:30:00,5.559000
linkoping,2018-09-02 01:15:00,8.306000
linkoping,2018-09-02 01:00:00,7.893000
linkoping,2018-09-02 00:45:00,6.979000
linkoping,2018-09-02 00:30:00,11.726000
linkoping,2018-09-02 00:15:00,12.026000
linkoping,2018-09-01 22:45:00,9.166000
linkoping,2018-09-01 22:30:00,7.319000
linkoping,2018-09-01 22:15:00,12.059000
linkoping,2018-09-01 22:00:00,11.206000
linkoping,2018-09-01 21:45:00,15.826000
linkoping,2018-09-01 21:30:00,11.239000
linkoping,2018-09-01 21:15:00,13.759000
linkoping,2018-09-01 21:00:00,14.313000
linkoping,2018-09-01 20:45:00,12.986000
linkoping,2018-09-01 20:30:00,15.279000
linkoping,2018-09-01 20:15:00,14.419000
linkoping,2018-09-01 20:00:00,15.199000
linkoping,2018-09-01 19:45:00,14.986000
linkoping,2018-09-01 19:30:00,13.253000
linkoping,2018-09-01 19:15:00,17.806000
linkoping,2018-09-01 19:00:00,19.586000
linkoping,2018-09-01 18:45:00,20.439000
linkoping,2018-09-01 18:30:00,19.586000
linkoping,2018-09-01 18:15:00,22.019000
linkoping,2018-09-01 18:00:00,24.273000
linkoping,2018-09-01 17:45:00,28.186000
linkoping,2018-09-01 17:30:00,28.366000
linkoping,2018-09-01 17:15:00,23.606000
linkoping,2018-09-01 17:00:00,20.499000
linkoping,2018-09-01 16:45:00,15.853000
linkoping,2018-09-01 16:30:00,19.179000
linkoping,2018-09-01 16:15:00,18.713000
linkoping,2018-09-01 16:00:00,9.446000
linkoping,2018-09-01 15:45:00,13.919000
linkoping,2018-09-01 15:30:00,14.426000
linkoping,2018-09-01 15:15:00,11.266000
linkoping,2018-09-01 15:00:00,8.599000
linkoping,2018-09-01 14:45:00,12.206000
linkoping,2018-09-01 14:30:00,14.173000
linkoping,2018-09-01 14:15:00,9.693000
linkoping,2018-09-01 14:00:00,11.373000
linkoping,2018-09-01 13:45:00,12.926000
linkoping,2018-09-01 13:30:00,16.753000
linkoping,2018-09-01 13:15:00,19.093000
linkoping,2018-09-01 13:00:00,12.993000
linkoping,2018-09-01 12:45:00,14.419000
linkoping,2018-09-01 12:30:00,13.386000
linkoping,2018-09-01 12:15:00,11.573000
linkoping,2018-09-01 12:00:00,10.073000
linkoping,2018-09-01 11:45:00,10.053000
linkoping,2018-09-01 11:30:00,18.273000
linkoping,2018-09-01 11:15:00,14.566000
linkoping,2018-09-01 11:00:00,15.279000
linkoping,2018-09-01 10:45:00,18.433000
linkoping,2018-09-01 10:30:00,19.846000
linkoping,2018-09-01 10:15:00,17.713000
linkoping,2018-09-01 10:00:00,20.766000
linkoping,2018-09-01 09:45:00,17.566000
linkoping,2018-09-01 09:30:00,16.466000
linkoping,2018-09-01 09:15:00,15.699000
linkoping,2018-09-01 09:00:00,14.273000
linkoping,2018-09-01 08:45:00,10.939000
linkoping,2018-09-01 08:30:00,12.013000
linkoping,2018-09-01 08:15:00,11.593000
linkoping,2018-09-01 08:00:00,10.833000
linkoping,2018-09-01 07:45:00,4.626000
linkoping,2018-09-01 07:30:00,7.373000
linkoping,2018-09-01 07:15:00,7.726000
linkoping,2018-09-01 07:00:00,6.326000
linkoping,2018-09-01 06:45:00,4.839000
linkoping,2018-09-01 06:30:00,4.006000
linkoping,2018-09-01 06:15:00,6.533000
linkoping,2018-09-01 06:00:00,2.459000
linkoping,2018-09-01 05:45:00,1.073000
linkoping,2018-09-01 05:30:00,4.526000
linkoping,2018-09-01 05:15:00,2.693000
linkoping,2018-09-01 05:00:00,3.553000
linkoping,2018-09-01 04:45:00,4.053000
linkoping,2018-09-01 04:30:00,4.906000
linkoping,2018-09-01 04:15:00,6.074000
linkoping,2018-09-01 04:00:00,3.946000
linkoping,2018-09-01 03:45:00,3.326000
linkoping,2018-09-01 03:30:00,2.059000
linkoping,2018-09-01 03:15:00,3.846000
linkoping,2018-09-01 03:00:00,3.139000
linkoping,2018-09-01 02:45:00,3.319000
linkoping,2018-09-01 02:30:00,4.166000
linkoping,2018-09-01 02:15:00,4.386000
linkoping,2018-09-01 02:00:00,4.679000
linkoping,2018-09-01 01:45:00,4.766000
linkoping,2018-09-01 01:30:00,4.533000
linkoping,2018-09-01 01:15:00,3.733000
linkoping,2018-09-01 01:00:00,3.219000
linkoping,2018-09-01 00:45:00,3.779000
linkoping,2018-09-01 00:30:00,3.699000
linkoping,2018-09-01 00:15:00,4.719000
