LastUpdated,PM10
2018-09-25 16:30:00,15.566
2018-09-25 16:15:00,13.666
2018-09-25 16:00:00,11.553
2018-09-25 15:45:00,10.939
2018-09-25 15:30:00,12.126
2018-09-25 15:15:00,12.046
2018-09-25 15:00:00,13.459
2018-09-25 14:45:00,13.333
2018-09-25 14:30:00,11.859
2018-09-25 14:15:00,10.946
2018-09-25 14:00:00,11.006
2018-09-25 13:45:00,13.099
2018-09-25 13:30:00,11.153
2018-09-25 13:15:00,7.919
2018-09-25 13:00:00,9.393
2018-09-25 12:45:00,10.159
2018-09-25 12:30:00,11.853
2018-09-25 12:15:00,5.119
2018-09-25 12:00:00,10.219
2018-09-25 11:45:00,11.686
2018-09-25 11:30:00,17.939
2018-09-25 11:15:00,15.753
2018-09-25 11:00:00,17.159
2018-09-25 10:45:00,10.813
2018-09-25 10:30:00,12.133
2018-09-25 10:15:00,6.233
2018-09-25 10:00:00,6.966
2018-09-25 09:45:00,7.866
2018-09-25 09:30:00,6.019
2018-09-25 09:15:00,4.959
2018-09-25 09:00:00,3.019
2018-09-25 08:45:00,9.439
2018-09-25 08:30:00,12.619
2018-09-25 08:15:00,16.046
2018-09-25 08:00:00,16.519
2018-09-25 07:45:00,15.526
2018-09-25 07:30:00,11.233
2018-09-25 07:15:00,13.166
2018-09-25 07:00:00,17.106
2018-09-25 06:45:00,15.886
2018-09-25 06:30:00,18.493
2018-09-25 06:15:00,21.853
2018-09-25 06:00:00,17.793
2018-09-25 05:45:00,17.399
2018-09-25 05:30:00,17.666
2018-09-25 05:15:00,17.426
2018-09-25 05:00:00,16.659
2018-09-25 04:45:00,15.599
2018-09-25 04:30:00,11.119
2018-09-25 04:15:00,8.643
2018-09-25 04:00:00,6.433
2018-09-25 03:45:00,5.593
2018-09-25 03:30:00,5.899
2018-09-25 03:15:00,5.239
2018-09-25 03:00:00,5.379
2018-09-25 02:45:00,4.226
2018-09-25 02:30:00,4.899
2018-09-25 02:15:00,4.493
2018-09-25 02:00:00,4.259
2018-09-25 01:45:00,5.733
2018-09-25 01:30:00,5.079
2018-09-25 01:15:00,5.353
2018-09-25 01:00:00,3.893
2018-09-25 00:45:00,4.613
2018-09-25 00:30:00,4.073
2018-09-25 00:15:00,3.733
2018-09-24 22:45:00,3.979
2018-09-24 22:30:00,4.599
2018-09-24 22:15:00,4.533
2018-09-24 22:00:00,5.146
2018-09-24 21:45:00,4.526
2018-09-24 21:30:00,4.286
2018-09-24 21:15:00,4.053
2018-09-24 21:00:00,4.793
2018-09-24 20:45:00,4.173
2018-09-24 20:30:00,3.479
2018-09-24 20:15:00,3.973
2018-09-24 20:00:00,5.533
2018-09-24 19:45:00,5.453
2018-09-24 19:30:00,5.733
2018-09-24 19:15:00,5.919
2018-09-24 19:00:00,5.566
2018-09-24 18:45:00,6.713
2018-09-24 18:30:00,6.546
2018-09-24 18:15:00,7.059
2018-09-24 18:00:00,7.766
2018-09-24 17:45:00,9.566
2018-09-24 17:30:00,8.266
2018-09-24 17:15:00,7.693
2018-09-24 17:00:00,8.973
2018-09-24 16:45:00,10.733
2018-09-24 16:30:00,9.533
2018-09-24 16:15:00,8.953
2018-09-24 16:00:00,10.726
2018-09-24 15:45:00,13.859
2018-09-24 15:30:00,13.266
2018-09-24 15:15:00,9.813
2018-09-24 15:00:00,8.586
2018-09-24 14:45:00,9.299
2018-09-24 14:30:00,8.693
2018-09-24 14:15:00,9.479
2018-09-24 14:00:00,11.573
2018-09-24 13:45:00,13.973
2018-09-24 13:30:00,14.079
2018-09-24 13:15:00,9.893
2018-09-24 13:00:00,7.333
2018-09-24 12:45:00,5.999
2018-09-24 12:30:00,10.193
2018-09-24 12:15:00,8.866
2018-09-24 12:00:00,6.493
2018-09-24 11:45:00,7.986
2018-09-24 11:30:00,7.999
2018-09-24 11:15:00,7.346
2018-09-24 11:00:00,9.266
2018-09-24 10:45:00,12.006
2018-09-24 10:30:00,10.899
2018-09-24 10:15:00,11.739
2018-09-24 10:00:00,10.866
2018-09-24 09:45:00,7.399
2018-09-24 09:30:00,5.559
2018-09-24 09:15:00,7.466
2018-09-24 09:00:00,5.239
2018-09-24 08:45:00,6.153
2018-09-24 08:30:00,7.306
2018-09-24 08:15:00,6.899
2018-09-24 08:00:00,8.099
2018-09-24 07:45:00,11.306
2018-09-24 07:30:00,6.506
2018-09-24 07:15:00,10.013
2018-09-24 07:00:00,8.953
2018-09-24 06:45:00,8.819
2018-09-24 06:30:00,9.499
2018-09-24 06:15:00,9.613
2018-09-24 06:00:00,10.986
2018-09-24 05:45:00,9.713
2018-09-24 05:30:00,8.653
2018-09-24 05:15:00,8.613
2018-09-24 05:00:00,7.073
2018-09-24 04:45:00,7.306
2018-09-24 04:30:00,6.499
2018-09-24 04:15:00,5.218
2018-09-24 04:00:00,4.039
2018-09-24 03:45:00,2.886
2018-09-24 03:30:00,3.106
2018-09-24 03:15:00,2.359
2018-09-24 03:00:00,0.639
2018-09-24 02:45:00,2.879
2018-09-24 02:30:00,5.206
2018-09-24 02:15:00,3.833
2018-09-24 02:00:00,4.699
2018-09-24 01:45:00,3.293
2018-09-24 01:30:00,1.153
2018-09-24 01:15:00,1.193
2018-09-24 01:00:00,3.686
2018-09-24 00:45:00,2.499
2018-09-24 00:30:00,8.746
2018-09-24 00:15:00,2.466
2018-09-23 22:45:00,6.766
2018-09-23 22:30:00,6.319
2018-09-23 22:15:00,5.806
2018-09-23 22:00:00,4.679
2018-09-23 21:45:00,3.766
2018-09-23 21:30:00,4.579
2018-09-23 21:15:00,5.519
2018-09-23 21:00:00,6.366
2018-09-23 20:45:00,5.159
2018-09-23 20:30:00,6.939
2018-09-23 20:15:00,8.726
2018-09-23 20:00:00,7.946
2018-09-23 19:45:00,9.146
2018-09-23 19:30:00,8.213
2018-09-23 19:15:00,7.259
2018-09-23 19:00:00,6.986
2018-09-23 18:45:00,7.119
2018-09-23 18:30:00,7.273
2018-09-23 18:15:00,8.119
2018-09-23 18:00:00,8.439
2018-09-23 17:45:00,8.879
2018-09-23 17:30:00,7.426
2018-09-23 17:15:00,6.153
2018-09-23 17:00:00,6.859
2018-09-23 16:45:00,5.366
2018-09-23 16:30:00,5.886
2018-09-23 16:15:00,6.519
2018-09-23 16:00:00,5.619
2018-09-23 15:45:00,5.686
2018-09-23 15:30:00,6.486
2018-09-23 15:15:00,6.659
2018-09-23 15:00:00,6.273
2018-09-23 14:45:00,5.959
2018-09-23 14:30:00,7.026
2018-09-23 14:15:00,9.526
2018-09-23 14:00:00,4.919
2018-09-23 13:45:00,5.339
2018-09-23 13:30:00,2.533
2018-09-23 13:15:00,3.633
2018-09-23 13:00:00,3.173
2018-09-23 12:45:00,6.519
2018-09-23 12:30:00,5.946
2018-09-23 12:15:00,6.846
2018-09-23 12:00:00,5.939
2018-09-23 11:45:00,6.913
2018-09-23 11:30:00,7.333
2018-09-23 11:15:00,6.673
2018-09-23 11:00:00,5.033
2018-09-23 10:45:00,6.093
2018-09-23 10:30:00,6.979
2018-09-23 10:15:00,8.946
2018-09-23 10:00:00,10.053
2018-09-23 09:45:00,9.526
2018-09-23 09:30:00,9.186
2018-09-23 09:15:00,8.379
2018-09-23 09:00:00,8.459
2018-09-23 08:45:00,9.333
2018-09-23 08:30:00,9.666
2018-09-23 08:15:00,9.259
2018-09-23 08:00:00,11.533
2018-09-23 07:45:00,11.766
2018-09-23 07:30:00,13.879
2018-09-23 07:15:00,13.453
2018-09-23 07:00:00,13.073
2018-09-23 06:45:00,13.833
2018-09-23 06:30:00,12.739
2018-09-23 06:15:00,14.053
2018-09-23 06:00:00,13.313
2018-09-23 05:45:00,13.059
2018-09-23 05:30:00,13.219
2018-09-23 05:15:00,13.059
2018-09-23 05:00:00,13.019
2018-09-23 04:45:00,11.879
2018-09-23 04:30:00,10.446
2018-09-23 04:15:00,10.706
2018-09-23 04:00:00,9.573
2018-09-23 03:45:00,11.273
2018-09-23 03:30:00,10.206
2018-09-23 03:15:00,9.379
2018-09-23 03:00:00,9.526
2018-09-23 02:45:00,7.613
2018-09-23 02:30:00,8.079
2018-09-23 02:15:00,10.219
2018-09-23 02:00:00,8.473
2018-09-23 01:45:00,6.846
2018-09-23 01:30:00,7.666
2018-09-23 01:15:00,7.686
2018-09-23 01:00:00,8.606
2018-09-23 00:45:00,8.346
2018-09-23 00:30:00,8.139
2018-09-23 00:15:00,7.553
2018-09-22 22:45:00,5.326
2018-09-22 22:30:00,6.746
2018-09-22 22:15:00,10.339
2018-09-22 22:00:00,6.806
2018-09-22 21:45:00,5.399
2018-09-22 21:30:00,5.579
2018-09-22 21:15:00,5.326
2018-09-22 21:00:00,6.026
2018-09-22 20:45:00,6.926
2018-09-22 20:30:00,4.366
2018-09-22 20:15:00,4.106
2018-09-22 20:00:00,5.659
2018-09-22 19:45:00,6.019
2018-09-22 19:30:00,7.533
2018-09-22 19:15:00,7.873
2018-09-22 19:00:00,7.653
2018-09-22 18:45:00,9.673
2018-09-22 18:30:00,8.453
2018-09-22 18:15:00,9.319
2018-09-22 18:00:00,9.199
2018-09-22 17:45:00,10.406
2018-09-22 17:30:00,9.366
2018-09-22 17:15:00,7.446
2018-09-22 17:00:00,5.986
2018-09-22 16:45:00,8.106
2018-09-22 16:30:00,8.939
2018-09-22 16:15:00,9.939
2018-09-22 16:00:00,6.906
2018-09-22 15:45:00,9.686
2018-09-22 15:30:00,12.199
2018-09-22 15:15:00,14.986
2018-09-22 15:00:00,14.266
2018-09-22 14:45:00,17.913
2018-09-22 14:30:00,15.899
2018-09-22 14:15:00,38.853
2018-09-22 14:00:00,-11.519
2018-09-22 13:45:00,20.466
2018-09-22 13:30:00,15.859
2018-09-22 13:15:00,18.026
2018-09-22 13:00:00,18.293
2018-09-22 12:45:00,17.159
2018-09-22 12:30:00,17.179
2018-09-22 12:15:00,19.379
2018-09-22 12:00:00,20.013
2018-09-22 11:45:00,27.113
2018-09-22 11:30:00,28.719
2018-09-22 11:15:00,26.246
2018-09-22 11:00:00,30.866
2018-09-22 10:45:00,33.993
2018-09-22 10:30:00,37.406
2018-09-22 10:15:00,27.639
2018-09-22 10:00:00,24.026
2018-09-22 09:45:00,22.766
2018-09-22 09:30:00,28.893
2018-09-22 09:15:00,22.299
2018-09-22 09:00:00,25.286
2018-09-22 08:45:00,29.019
2018-09-22 08:30:00,27.639
2018-09-22 08:15:00,29.459
2018-09-22 08:00:00,30.813
2018-09-22 07:45:00,24.413
2018-09-22 07:30:00,22.613
2018-09-22 07:15:00,17.399
2018-09-22 07:00:00,21.159
2018-09-22 06:45:00,21.726
2018-09-22 06:30:00,21.353
2018-09-22 06:15:00,24.279
2018-09-22 06:00:00,26.553
2018-09-22 05:45:00,28.279
2018-09-22 05:30:00,18.959
2018-09-22 05:15:00,20.086
2018-09-22 05:00:00,20.359
2018-09-22 04:45:00,16.566
2018-09-22 04:30:00,13.626
2018-09-22 04:15:00,14.862
2018-09-22 04:00:00,12.059
2018-09-22 03:45:00,11.839
2018-09-22 03:30:00,11.966
2018-09-22 03:15:00,10.313
2018-09-22 03:00:00,8.779
2018-09-22 02:45:00,8.699
2018-09-22 02:30:00,12.279
2018-09-22 02:15:00,7.953
2018-09-22 02:00:00,9.179
2018-09-22 01:45:00,7.799
2018-09-22 01:30:00,6.999
2018-09-22 01:15:00,6.646
2018-09-22 01:00:00,3.666
2018-09-22 00:45:00,6.379
2018-09-22 00:30:00,6.759
2018-09-22 00:15:00,6.786
2018-09-21 22:45:00,10.686
2018-09-21 22:30:00,12.773
2018-09-21 22:15:00,10.979
2018-09-21 22:00:00,11.733
2018-09-21 21:45:00,10.646
2018-09-21 21:30:00,10.939
2018-09-21 21:15:00,11.379
2018-09-21 21:00:00,11.066
2018-09-21 20:45:00,8.913
2018-09-21 20:30:00,8.566
2018-09-21 20:15:00,8.339
2018-09-21 20:00:00,10.233
2018-09-21 19:45:00,11.813
2018-09-21 19:30:00,12.786
2018-09-21 19:15:00,8.353
2018-09-21 19:00:00,8.106
2018-09-21 18:45:00,7.379
2018-09-21 18:30:00,7.766
2018-09-21 18:15:00,9.813
2018-09-21 18:00:00,9.313
2018-09-21 17:45:00,11.186
2018-09-21 17:30:00,2.773
2018-09-21 17:15:00,10.393
2018-09-21 17:00:00,4.153
2018-09-21 16:45:00,-3.966
2018-09-21 16:30:00,9.199
2018-09-21 16:15:00,7.733
2018-09-21 16:00:00,10.293
2018-09-21 15:45:00,10.166
2018-09-21 15:30:00,17.479
2018-09-21 15:15:00,71.793
2018-09-21 15:00:00,55.339
2018-09-21 14:45:00,34.033
2018-09-21 14:30:00,40.379
2018-09-21 14:15:00,38.699
2018-09-21 14:00:00,37.186
2018-09-21 13:45:00,38.526
2018-09-21 13:30:00,36.699
2018-09-21 13:15:00,44.159
2018-09-21 13:00:00,39.506
2018-09-21 12:45:00,43.646
2018-09-21 12:30:00,40.939
2018-09-21 12:15:00,30.753
2018-09-21 12:00:00,27.693
2018-09-21 11:45:00,28.306
2018-09-21 11:30:00,29.613
2018-09-21 11:15:00,28.373
2018-09-21 11:00:00,28.693
2018-09-21 10:45:00,25.426
2018-09-21 10:30:00,24.846
2018-09-21 10:15:00,24.779
2018-09-21 10:00:00,24.993
2018-09-21 09:45:00,26.633
2018-09-21 09:30:00,26.006
2018-09-21 09:15:00,24.139
2018-09-21 09:00:00,27.693
2018-09-21 08:45:00,27.079
2018-09-21 08:30:00,29.126
2018-09-21 08:15:00,27.879
2018-09-21 08:00:00,25.533
2018-09-21 07:45:00,23.639
2018-09-21 07:30:00,25.353
2018-09-21 07:15:00,32.499
2018-09-21 07:00:00,32.859
2018-09-21 06:45:00,36.819
2018-09-21 06:30:00,36.886
2018-09-21 06:15:00,38.466
2018-09-21 06:00:00,41.373
2018-09-21 05:45:00,33.739
2018-09-21 05:30:00,32.199
2018-09-21 05:15:00,32.859
2018-09-21 05:00:00,29.239
2018-09-21 04:45:00,23.633
2018-09-21 04:30:00,21.113
2018-09-21 04:15:00,17.881
2018-09-21 04:00:00,20.406
2018-09-21 03:45:00,16.353
2018-09-21 03:30:00,15.706
2018-09-21 03:15:00,11.893
2018-09-21 03:00:00,9.026
2018-09-21 02:45:00,9.299
2018-09-21 02:30:00,6.979
2018-09-21 02:15:00,6.173
2018-09-21 02:00:00,4.886
2018-09-21 01:45:00,4.486
2018-09-21 01:30:00,4.466
2018-09-21 01:15:00,1.813
2018-09-21 01:00:00,1.913
2018-09-21 00:45:00,4.399
2018-09-21 00:30:00,2.859
2018-09-21 00:15:00,3.259
2018-09-20 22:45:00,43.313
2018-09-20 22:30:00,46.839
2018-09-20 22:15:00,21.826
2018-09-20 22:00:00,8.953
2018-09-20 21:45:00,7.659
2018-09-20 21:30:00,9.459
2018-09-20 21:15:00,7.766
2018-09-20 21:00:00,7.926
2018-09-20 20:45:00,9.813
2018-09-20 20:30:00,9.666
2018-09-20 20:15:00,11.286
2018-09-20 20:00:00,12.093
2018-09-20 19:45:00,12.026
2018-09-20 19:30:00,11.339
2018-09-20 19:15:00,11.579
2018-09-20 19:00:00,12.546
2018-09-20 18:45:00,12.906
2018-09-20 18:30:00,15.833
2018-09-20 18:15:00,14.173
2018-09-20 18:00:00,11.153
2018-09-20 17:45:00,12.133
2018-09-20 17:30:00,12.019
2018-09-20 17:15:00,16.059
2018-09-20 17:00:00,18.306
2018-09-20 16:45:00,19.899
2018-09-20 16:30:00,21.426
2018-09-20 16:15:00,19.246
2018-09-20 16:00:00,20.119
2018-09-20 15:45:00,22.666
2018-09-20 15:30:00,18.266
2018-09-20 15:15:00,18.499
2018-09-20 15:00:00,19.259
2018-09-20 14:45:00,19.459
2018-09-20 14:30:00,18.833
2018-09-20 14:15:00,20.233
2018-09-20 14:00:00,20.573
2018-09-20 13:45:00,26.053
2018-09-20 13:30:00,23.373
2018-09-20 13:15:00,21.479
2018-09-20 13:00:00,23.946
2018-09-20 12:45:00,23.219
2018-09-20 12:30:00,25.333
2018-09-20 12:15:00,20.446
2018-09-20 12:00:00,20.819
2018-09-20 11:45:00,21.219
2018-09-20 11:30:00,19.339
2018-09-20 11:15:00,20.613
2018-09-20 11:00:00,21.786
2018-09-20 10:45:00,24.953
2018-09-20 10:30:00,29.539
2018-09-20 10:15:00,21.466
2018-09-20 10:00:00,24.053
2018-09-20 09:45:00,26.713
2018-09-20 09:30:00,21.253
2018-09-20 09:15:00,22.333
2018-09-20 09:00:00,26.719
2018-09-20 08:45:00,25.346
2018-09-20 08:30:00,26.979
2018-09-20 08:15:00,28.253
2018-09-20 08:00:00,30.013
2018-09-20 07:45:00,28.293
2018-09-20 07:30:00,24.393
2018-09-20 07:15:00,22.939
2018-09-20 07:00:00,23.586
2018-09-20 06:45:00,25.099
2018-09-20 06:30:00,26.099
2018-09-20 06:15:00,24.933
2018-09-20 06:00:00,19.646
2018-09-20 05:45:00,18.839
2018-09-20 05:30:00,16.339
2018-09-20 05:15:00,14.379
2018-09-20 05:00:00,8.326
2018-09-20 04:45:00,7.066
2018-09-20 04:30:00,0.606
2018-09-20 04:15:00,6.362
2018-09-20 04:00:00,2.106
2018-09-20 03:45:00,18.359
2018-09-20 03:30:00,25.139
2018-09-20 03:15:00,19.786
2018-09-20 03:00:00,18.219
2018-09-20 02:45:00,17.393
2018-09-20 02:30:00,16.046
2018-09-20 02:15:00,16.439
2018-09-20 02:00:00,15.606
2018-09-20 01:45:00,17.299
2018-09-20 01:30:00,14.513
2018-09-20 01:15:00,11.713
2018-09-20 01:00:00,14.759
2018-09-20 00:45:00,12.386
2018-09-20 00:30:00,11.853
2018-09-20 00:15:00,13.459
2018-09-19 22:45:00,16.239
2018-09-19 22:30:00,17.499
2018-09-19 22:15:00,17.326
2018-09-19 22:00:00,16.806
2018-09-19 21:45:00,15.873
2018-09-19 21:30:00,15.066
2018-09-19 21:15:00,14.646
2018-09-19 21:00:00,14.979
2018-09-19 20:45:00,14.093
2018-09-19 20:30:00,13.819
2018-09-19 20:15:00,14.119
2018-09-19 20:00:00,13.546
2018-09-19 19:45:00,14.579
2018-09-19 19:30:00,15.946
2018-09-19 19:15:00,16.173
2018-09-19 19:00:00,17.679
2018-09-19 18:45:00,17.553
2018-09-19 18:30:00,19.306
2018-09-19 18:15:00,20.939
2018-09-19 18:00:00,20.053
2018-09-19 17:45:00,17.953
2018-09-19 17:30:00,20.839
2018-09-19 17:15:00,21.053
2018-09-19 17:00:00,19.059
2018-09-19 16:45:00,20.233
2018-09-19 16:30:00,21.319
2018-09-19 16:15:00,18.039
2018-09-19 16:00:00,22.346
2018-09-19 15:45:00,21.173
2018-09-19 15:30:00,18.299
2018-09-19 15:15:00,18.613
2018-09-19 15:00:00,21.886
2018-09-19 14:45:00,21.739
2018-09-19 14:30:00,21.459
2018-09-19 14:15:00,21.673
2018-09-19 14:00:00,22.339
2018-09-19 13:45:00,20.813
2018-09-19 13:30:00,20.453
2018-09-19 13:15:00,21.973
2018-09-19 13:00:00,23.959
2018-09-19 12:45:00,22.926
2018-09-19 12:30:00,27.353
2018-09-19 12:15:00,29.186
2018-09-19 12:00:00,28.693
2018-09-19 11:45:00,27.119
2018-09-19 11:30:00,29.733
2018-09-19 11:15:00,23.639
2018-09-19 11:00:00,22.566
2018-09-19 10:45:00,23.919
2018-09-19 10:30:00,22.419
2018-09-19 10:15:00,24.639
2018-09-19 10:00:00,31.199
2018-09-19 09:45:00,46.986
2018-09-19 09:30:00,22.399
2018-09-19 09:15:00,22.013
2018-09-19 09:00:00,20.913
2018-09-19 08:45:00,22.159
2018-09-19 08:30:00,39.833
2018-09-19 08:15:00,19.273
2018-09-19 08:00:00,19.426
2018-09-19 07:45:00,16.206
2018-09-19 07:30:00,14.399
2018-09-19 07:15:00,16.179
2018-09-19 07:00:00,22.039
2018-09-19 06:45:00,23.839
2018-09-19 06:30:00,22.586
2018-09-19 06:15:00,24.406
2018-09-19 06:00:00,25.026
2018-09-19 05:45:00,21.493
2018-09-19 05:30:00,20.679
2018-09-19 05:15:00,21.846
2018-09-19 05:00:00,19.073
2018-09-19 04:45:00,16.926
2018-09-19 04:30:00,15.919
2018-09-19 04:15:00,16.212
2018-09-19 04:00:00,15.486
2018-09-19 03:45:00,15.053
2018-09-19 03:30:00,13.573
2018-09-19 03:15:00,14.239
2018-09-19 03:00:00,13.926
2018-09-19 02:45:00,13.539
2018-09-19 02:30:00,12.693
2018-09-19 02:15:00,13.606
2018-09-19 02:00:00,14.639
2018-09-19 01:45:00,15.899
2018-09-19 01:30:00,17.299
2018-09-19 01:15:00,18.006
2018-09-19 01:00:00,19.253
2018-09-19 00:45:00,20.159
2018-09-19 00:30:00,20.633
2018-09-19 00:15:00,19.759
2018-09-18 22:45:00,21.819
2018-09-18 22:30:00,22.126
2018-09-18 22:15:00,22.906
2018-09-18 22:00:00,24.119
2018-09-18 21:45:00,23.873
2018-09-18 21:30:00,22.573
2018-09-18 21:15:00,21.673
2018-09-18 21:00:00,21.186
2018-09-18 20:45:00,21.379
2018-09-18 20:30:00,19.213
2018-09-18 20:15:00,20.073
2018-09-18 20:00:00,20.346
2018-09-18 19:45:00,21.066
2018-09-18 19:30:00,20.793
2018-09-18 19:15:00,20.679
2018-09-18 19:00:00,21.973
2018-09-18 18:45:00,22.593
2018-09-18 18:30:00,23.186
2018-09-18 18:15:00,24.733
2018-09-18 18:00:00,28.373
2018-09-18 17:45:00,24.833
2018-09-18 17:30:00,23.759
2018-09-18 17:15:00,25.979
2018-09-18 17:00:00,28.259
2018-09-18 16:45:00,29.739
2018-09-18 16:30:00,27.306
2018-09-18 16:15:00,26.526
2018-09-18 16:00:00,23.413
2018-09-18 15:45:00,20.353
2018-09-18 15:30:00,21.146
2018-09-18 15:15:00,21.033
2018-09-18 15:00:00,20.633
2018-09-18 14:45:00,21.193
2018-09-18 14:30:00,21.079
2018-09-18 14:15:00,20.499
2018-09-18 14:00:00,20.973
2018-09-18 13:45:00,20.099
2018-09-18 13:30:00,20.713
2018-09-18 13:15:00,19.459
2018-09-18 13:00:00,18.779
2018-09-18 12:45:00,22.233
2018-09-18 12:30:00,21.279
2018-09-18 12:15:00,17.333
2018-09-18 12:00:00,15.939
2018-09-18 11:45:00,17.813
2018-09-18 11:30:00,16.473
2018-09-18 11:15:00,15.506
2018-09-18 11:00:00,17.306
2018-09-18 10:45:00,18.346
2018-09-18 10:30:00,16.919
2018-09-18 10:15:00,20.253
2018-09-18 10:00:00,19.039
2018-09-18 09:45:00,17.886
2018-09-18 09:30:00,17.133
2018-09-18 09:15:00,18.059
2018-09-18 09:00:00,20.999
2018-09-18 08:45:00,24.479
2018-09-18 08:30:00,15.273
2018-09-18 08:15:00,17.259
2018-09-18 08:00:00,17.313
2018-09-18 07:45:00,16.146
2018-09-18 07:30:00,16.359
2018-09-18 07:15:00,20.059
2018-09-18 07:00:00,24.319
2018-09-18 06:45:00,26.033
2018-09-18 06:30:00,29.153
2018-09-18 06:15:00,27.719
2018-09-18 06:00:00,27.986
2018-09-18 05:45:00,28.933
2018-09-18 05:30:00,27.166
2018-09-18 05:15:00,25.973
2018-09-18 05:00:00,23.473
2018-09-18 04:45:00,22.813
2018-09-18 04:30:00,20.959
2018-09-18 04:15:00,18.006
2018-09-18 04:00:00,14.913
2018-09-18 03:45:00,11.706
2018-09-18 03:30:00,10.199
2018-09-18 03:15:00,9.953
2018-09-18 03:00:00,10.299
2018-09-18 02:45:00,9.553
2018-09-18 02:30:00,9.633
2018-09-18 02:15:00,9.993
2018-09-18 02:00:00,10.759
2018-09-18 01:45:00,7.553
2018-09-18 01:30:00,9.599
2018-09-18 01:15:00,10.106
2018-09-18 01:00:00,9.119
2018-09-18 00:45:00,10.199
2018-09-18 00:30:00,10.253
2018-09-18 00:15:00,10.373
2018-09-17 22:45:00,10.813
2018-09-17 22:30:00,8.926
2018-09-17 22:15:00,9.386
2018-09-17 22:00:00,9.739
2018-09-17 21:45:00,10.406
2018-09-17 21:30:00,12.313
2018-09-17 21:15:00,11.473
2018-09-17 21:00:00,9.799
2018-09-17 20:45:00,10.446
2018-09-17 20:30:00,9.899
2018-09-17 20:15:00,10.039
2018-09-17 20:00:00,10.979
2018-09-17 19:45:00,14.886
2018-09-17 19:30:00,11.333
2018-09-17 19:15:00,10.113
2018-09-17 19:00:00,12.479
2018-09-17 18:45:00,12.259
2018-09-17 18:30:00,14.166
2018-09-17 18:15:00,15.046
2018-09-17 18:00:00,14.893
2018-09-17 17:45:00,16.133
2018-09-17 17:30:00,15.813
2018-09-17 17:15:00,15.793
2018-09-17 17:00:00,17.279
2018-09-17 16:45:00,15.613
2018-09-17 16:30:00,16.026
2018-09-17 16:15:00,16.386
2018-09-17 16:00:00,17.253
2018-09-17 15:45:00,17.359
2018-09-17 15:30:00,16.219
2018-09-17 15:15:00,17.179
2018-09-17 15:00:00,16.066
2018-09-17 14:45:00,17.213
2018-09-17 14:30:00,13.913
2018-09-17 14:15:00,15.333
2018-09-17 14:00:00,13.859
2018-09-17 13:45:00,11.779
2018-09-17 13:30:00,10.713
2018-09-17 13:15:00,13.486
2018-09-17 13:00:00,13.939
2018-09-17 12:45:00,13.226
2018-09-17 12:30:00,12.646
2018-09-17 12:15:00,10.846
2018-09-17 12:00:00,12.966
2018-09-17 11:45:00,11.966
2018-09-17 11:30:00,13.466
2018-09-17 11:15:00,15.793
2018-09-17 11:00:00,19.653
2018-09-17 10:45:00,14.386
2018-09-17 10:30:00,15.579
2018-09-17 10:15:00,16.299
2018-09-17 10:00:00,16.613
2018-09-17 09:45:00,17.066
2018-09-17 09:30:00,14.526
2018-09-17 09:15:00,15.706
2018-09-17 09:00:00,20.046
2018-09-17 08:45:00,21.139
2018-09-17 08:30:00,19.246
2018-09-17 08:15:00,22.126
2018-09-17 08:00:00,15.079
2018-09-17 07:45:00,11.819
2018-09-17 07:30:00,11.673
2018-09-17 07:15:00,12.033
2018-09-17 07:00:00,11.939
2018-09-17 06:45:00,10.893
2018-09-17 06:30:00,12.093
2018-09-17 06:15:00,12.026
2018-09-17 06:00:00,9.306
2018-09-17 05:45:00,9.313
2018-09-17 05:30:00,8.253
2018-09-17 05:15:00,7.206
2018-09-17 05:00:00,4.966
2018-09-17 04:45:00,5.233
2018-09-17 04:30:00,4.019
2018-09-17 04:15:00,4.656
2018-09-17 04:00:00,3.653
2018-09-17 03:45:00,3.399
2018-09-17 03:30:00,3.873
2018-09-17 03:15:00,3.219
2018-09-17 03:00:00,4.886
2018-09-17 02:45:00,5.233
2018-09-17 02:30:00,6.626
2018-09-17 02:15:00,6.706
2018-09-17 02:00:00,5.473
2018-09-17 01:45:00,5.493
2018-09-17 01:30:00,5.433
2018-09-17 01:15:00,6.506
2018-09-17 01:00:00,6.146
2018-09-17 00:45:00,6.819
2018-09-17 00:30:00,7.173
2018-09-17 00:15:00,6.233
2018-09-16 22:45:00,5.899
2018-09-16 22:30:00,6.593
2018-09-16 22:15:00,4.299
2018-09-16 22:00:00,3.866
2018-09-16 21:45:00,3.773
2018-09-16 21:30:00,5.119
2018-09-16 21:15:00,4.526
2018-09-16 21:00:00,4.146
2018-09-16 20:45:00,2.786
2018-09-16 20:30:00,3.806
2018-09-16 20:15:00,3.926
2018-09-16 20:00:00,3.193
2018-09-16 19:45:00,2.899
2018-09-16 19:30:00,4.773
2018-09-16 19:15:00,7.519
2018-09-16 19:00:00,7.486
2018-09-16 18:45:00,7.493
2018-09-16 18:30:00,7.559
2018-09-16 18:15:00,7.913
2018-09-16 18:00:00,7.519
2018-09-16 17:45:00,7.719
2018-09-16 17:30:00,9.406
2018-09-16 17:15:00,10.753
2018-09-16 17:00:00,15.539
2018-09-16 16:45:00,14.839
2018-09-16 16:30:00,15.906
2018-09-16 16:15:00,13.193
2018-09-16 16:00:00,10.539
2018-09-16 15:45:00,11.139
2018-09-16 15:30:00,11.579
2018-09-16 15:15:00,6.393
2018-09-16 15:00:00,6.866
2018-09-16 14:45:00,9.873
2018-09-16 14:30:00,9.193
2018-09-16 14:15:00,10.639
2018-09-16 14:00:00,12.039
2018-09-16 13:45:00,11.206
2018-09-16 13:30:00,12.673
2018-09-16 13:15:00,10.613
2018-09-16 13:00:00,10.206
2018-09-16 12:45:00,9.906
2018-09-16 12:30:00,9.199
2018-09-16 12:15:00,9.906
2018-09-16 12:00:00,13.419
2018-09-16 11:45:00,11.059
2018-09-16 11:30:00,10.213
2018-09-16 11:15:00,10.993
2018-09-16 11:00:00,9.679
2018-09-16 10:45:00,7.853
2018-09-16 10:30:00,8.859
2018-09-16 10:15:00,6.713
2018-09-16 10:00:00,8.079
2018-09-16 09:45:00,6.726
2018-09-16 09:30:00,7.446
2018-09-16 09:15:00,8.279
2018-09-16 09:00:00,9.166
2018-09-16 08:45:00,7.706
2018-09-16 08:30:00,7.586
2018-09-16 08:15:00,9.113
2018-09-16 08:00:00,11.466
2018-09-16 07:45:00,10.733
2018-09-16 07:30:00,10.493
2018-09-16 07:15:00,9.653
2018-09-16 07:00:00,8.619
2018-09-16 06:45:00,9.099
2018-09-16 06:30:00,7.339
2018-09-16 06:15:00,8.159
2018-09-16 06:00:00,8.919
2018-09-16 05:45:00,8.893
2018-09-16 05:30:00,8.293
2018-09-16 05:15:00,7.539
2018-09-16 05:00:00,6.353
2018-09-16 04:45:00,7.079
2018-09-16 04:30:00,7.913
2018-09-16 04:15:00,8.587
2018-09-16 04:00:00,7.299
2018-09-16 03:45:00,7.713
2018-09-16 03:30:00,7.826
2018-09-16 03:15:00,7.533
2018-09-16 03:00:00,7.473
2018-09-16 02:45:00,7.353
2018-09-16 02:30:00,7.953
2018-09-16 02:15:00,6.886
2018-09-16 02:00:00,7.599
2018-09-16 01:45:00,8.359
2018-09-16 01:30:00,9.079
2018-09-16 01:15:00,9.239
2018-09-16 01:00:00,9.446
2018-09-16 00:45:00,9.233
2018-09-16 00:30:00,8.686
2018-09-16 00:15:00,8.299
2018-09-15 22:45:00,7.866
2018-09-15 22:30:00,7.766
2018-09-15 22:15:00,8.813
2018-09-15 22:00:00,8.926
2018-09-15 21:45:00,9.479
2018-09-15 21:30:00,8.973
2018-09-15 21:15:00,8.713
2018-09-15 21:00:00,7.853
2018-09-15 20:45:00,7.193
2018-09-15 20:30:00,9.486
2018-09-15 20:15:00,7.979
2018-09-15 20:00:00,7.679
2018-09-15 19:45:00,7.679
2018-09-15 19:30:00,9.893
2018-09-15 19:15:00,9.466
2018-09-15 19:00:00,9.279
2018-09-15 18:45:00,9.259
2018-09-15 18:30:00,11.713
2018-09-15 18:15:00,12.206
2018-09-15 18:00:00,11.473
2018-09-15 17:45:00,10.326
2018-09-15 17:30:00,11.613
2018-09-15 17:15:00,11.686
2018-09-15 17:00:00,14.006
2018-09-15 16:45:00,12.319
2018-09-15 16:30:00,11.906
2018-09-15 16:15:00,9.599
2018-09-15 16:00:00,10.133
2018-09-15 15:45:00,8.633
2018-09-15 15:30:00,9.793
2018-09-15 15:15:00,9.639
2018-09-15 15:00:00,10.079
2018-09-15 14:45:00,11.413
2018-09-15 14:30:00,9.446
2018-09-15 14:15:00,9.953
2018-09-15 14:00:00,10.006
2018-09-15 13:45:00,11.739
2018-09-15 13:30:00,12.773
2018-09-15 13:15:00,13.653
2018-09-15 13:00:00,15.386
2018-09-15 12:45:00,15.599
2018-09-15 12:30:00,14.753
2018-09-15 12:15:00,12.859
2018-09-15 12:00:00,13.913
2018-09-15 11:45:00,15.153
2018-09-15 11:30:00,17.413
2018-09-15 11:15:00,13.339
2018-09-15 11:00:00,16.446
2018-09-15 10:45:00,13.986
2018-09-15 10:30:00,17.133
2018-09-15 10:15:00,15.379
2018-09-15 10:00:00,11.933
2018-09-15 09:45:00,11.066
2018-09-15 09:30:00,9.439
2018-09-15 09:15:00,9.139
2018-09-15 09:00:00,9.099
2018-09-15 08:45:00,14.113
2018-09-15 08:30:00,11.306
2018-09-15 08:15:00,14.126
2018-09-15 08:00:00,11.499
2018-09-15 07:45:00,9.386
2018-09-15 07:30:00,6.553
2018-09-15 07:15:00,6.633
2018-09-15 07:00:00,6.306
2018-09-15 06:45:00,5.533
2018-09-15 06:30:00,5.313
2018-09-15 06:15:00,5.713
2018-09-15 06:00:00,4.759
2018-09-15 05:45:00,5.626
2018-09-15 05:30:00,6.266
2018-09-15 05:15:00,4.879
2018-09-15 05:00:00,5.059
2018-09-15 04:45:00,4.786
2018-09-15 04:30:00,6.093
2018-09-15 04:15:00,5.956
2018-09-15 04:00:00,7.399
2018-09-15 03:45:00,6.999
2018-09-15 03:30:00,5.153
2018-09-15 03:15:00,7.253
2018-09-15 03:00:00,7.893
2018-09-15 02:45:00,7.999
2018-09-15 02:30:00,9.546
2018-09-15 02:15:00,7.353
2018-09-15 02:00:00,5.553
2018-09-15 01:45:00,5.813
2018-09-15 01:30:00,6.026
2018-09-15 01:15:00,6.739
2018-09-15 01:00:00,7.253
2018-09-15 00:45:00,7.213
2018-09-15 00:30:00,7.359
2018-09-15 00:15:00,7.086
2018-09-14 22:45:00,5.166
2018-09-14 22:30:00,6.133
2018-09-14 22:15:00,8.139
2018-09-14 22:00:00,8.793
2018-09-14 21:45:00,9.213
2018-09-14 21:30:00,11.219
2018-09-14 21:15:00,8.006
2018-09-14 21:00:00,10.326
2018-09-14 20:45:00,9.879
2018-09-14 20:30:00,11.173
2018-09-14 20:15:00,11.533
2018-09-14 20:00:00,10.039
2018-09-14 19:45:00,10.119
2018-09-14 19:30:00,10.633
2018-09-14 19:15:00,10.973
2018-09-14 19:00:00,10.539
2018-09-14 18:45:00,11.913
2018-09-14 18:30:00,9.573
2018-09-14 18:15:00,9.713
2018-09-14 18:00:00,12.313
2018-09-14 17:45:00,12.973
2018-09-14 17:30:00,12.459
2018-09-14 17:15:00,10.899
2018-09-14 17:00:00,13.773
2018-09-14 16:45:00,13.959
2018-09-14 16:30:00,13.586
2018-09-14 16:15:00,13.159
2018-09-14 16:00:00,13.779
2018-09-14 15:45:00,14.273
2018-09-14 15:30:00,17.226
2018-09-14 15:15:00,15.273
2018-09-14 15:00:00,13.066
2018-09-14 14:45:00,14.813
2018-09-14 14:30:00,18.006
2018-09-14 14:15:00,16.466
2018-09-14 14:00:00,15.966
2018-09-14 13:45:00,13.179
2018-09-14 13:30:00,20.313
2018-09-14 13:15:00,22.539
2018-09-14 13:00:00,25.719
2018-09-14 12:45:00,21.026
2018-09-14 12:30:00,19.019
2018-09-14 12:15:00,18.493
2018-09-14 12:00:00,17.086
2018-09-14 11:45:00,22.353
2018-09-14 11:30:00,19.913
2018-09-14 11:15:00,20.893
2018-09-14 11:00:00,22.673
2018-09-14 10:45:00,23.859
2018-09-14 10:30:00,21.599
2018-09-14 10:15:00,19.739
2018-09-14 10:00:00,21.219
2018-09-14 09:45:00,19.826
2018-09-14 09:30:00,18.286
2018-09-14 09:15:00,20.766
2018-09-14 09:00:00,19.406
2018-09-14 08:45:00,17.606
2018-09-14 08:30:00,16.479
2018-09-14 08:15:00,19.346
2018-09-14 08:00:00,17.686
2018-09-14 07:45:00,22.433
2018-09-14 07:30:00,25.559
2018-09-14 07:15:00,22.133
2018-09-14 07:00:00,25.366
2018-09-14 06:45:00,27.219
2018-09-14 06:30:00,34.306
2018-09-14 06:15:00,35.519
2018-09-14 06:00:00,34.846
2018-09-14 05:45:00,25.553
2018-09-14 05:30:00,22.253
2018-09-14 05:15:00,21.906
2018-09-14 05:00:00,18.986
2018-09-14 04:45:00,13.826
2018-09-14 04:30:00,12.666
2018-09-14 04:15:00,10.212
2018-09-14 04:00:00,9.373
2018-09-14 03:45:00,8.433
2018-09-14 03:30:00,8.359
2018-09-14 03:15:00,9.046
2018-09-14 03:00:00,7.639
2018-09-14 02:45:00,6.533
2018-09-14 02:30:00,5.713
2018-09-14 02:15:00,5.886
2018-09-14 02:00:00,5.553
2018-09-14 01:45:00,7.126
2018-09-14 01:30:00,7.333
2018-09-14 01:15:00,6.919
2018-09-14 01:00:00,6.399
2018-09-14 00:45:00,6.213
2018-09-14 00:30:00,6.626
2018-09-14 00:15:00,6.913
2018-09-13 22:45:00,7.939
2018-09-13 22:30:00,8.753
2018-09-13 22:15:00,10.399
2018-09-13 22:00:00,9.779
2018-09-13 21:45:00,8.906
2018-09-13 21:30:00,9.306
2018-09-13 21:15:00,9.759
2018-09-13 21:00:00,9.259
2018-09-13 20:45:00,9.626
2018-09-13 20:30:00,10.159
2018-09-13 20:15:00,10.033
2018-09-13 20:00:00,10.313
2018-09-13 19:45:00,11.459
2018-09-13 19:30:00,11.919
2018-09-13 19:15:00,12.333
2018-09-13 19:00:00,12.913
2018-09-13 18:45:00,15.439
2018-09-13 18:30:00,13.633
2018-09-13 18:15:00,14.819
2018-09-13 18:00:00,15.586
2018-09-13 17:45:00,17.273
2018-09-13 17:30:00,17.019
2018-09-13 17:15:00,14.733
2018-09-13 17:00:00,16.799
2018-09-13 16:45:00,16.339
2018-09-13 16:30:00,16.286
2018-09-13 16:15:00,17.693
2018-09-13 16:00:00,16.326
2018-09-13 15:45:00,15.059
2018-09-13 15:30:00,12.793
2018-09-13 15:15:00,11.826
2018-09-13 15:00:00,14.599
2018-09-13 14:45:00,17.733
2018-09-13 14:30:00,15.313
2018-09-13 14:15:00,17.153
2018-09-13 14:00:00,17.239
2018-09-13 13:45:00,14.419
2018-09-13 13:30:00,12.433
2018-09-13 13:15:00,12.466
2018-09-13 13:00:00,14.119
2018-09-13 12:45:00,15.606
2018-09-13 12:30:00,12.786
2018-09-13 12:15:00,14.166
2018-09-13 12:00:00,14.466
2018-09-13 11:45:00,13.253
2018-09-13 11:30:00,13.219
2018-09-13 11:15:00,13.766
2018-09-13 11:00:00,14.833
2018-09-13 10:45:00,14.153
2018-09-13 10:30:00,16.939
2018-09-13 10:15:00,19.853
2018-09-13 10:00:00,16.226
2018-09-13 09:45:00,14.759
2018-09-13 09:30:00,13.299
2018-09-13 09:15:00,11.326
2018-09-13 09:00:00,11.733
2018-09-13 08:45:00,14.393
2018-09-13 08:30:00,17.406
2018-09-13 08:15:00,16.713
2018-09-13 08:00:00,16.159
2018-09-13 07:45:00,14.913
2018-09-13 07:30:00,16.666
2018-09-13 07:15:00,17.219
2018-09-13 07:00:00,17.633
2018-09-13 06:45:00,17.633
2018-09-13 06:30:00,20.659
2018-09-13 06:15:00,23.866
2018-09-13 06:00:00,21.539
2018-09-13 05:45:00,21.513
2018-09-13 05:30:00,20.179
2018-09-13 05:15:00,21.059
2018-09-13 05:00:00,20.093
2018-09-13 04:45:00,16.813
2018-09-13 04:30:00,16.093
2018-09-13 04:15:00,16.624
2018-09-13 04:00:00,14.593
2018-09-13 03:45:00,14.106
2018-09-13 03:30:00,14.419
2018-09-13 03:15:00,13.319
2018-09-13 03:00:00,12.433
2018-09-13 02:45:00,12.253
2018-09-13 02:30:00,12.513
2018-09-13 02:15:00,11.619
2018-09-13 02:00:00,11.626
2018-09-13 01:45:00,10.713
2018-09-13 01:30:00,11.059
2018-09-13 01:15:00,12.453
2018-09-13 01:00:00,14.513
2018-09-13 00:45:00,14.659
2018-09-13 00:30:00,13.853
2018-09-13 00:15:00,13.999
2018-09-12 22:45:00,15.713
2018-09-12 22:30:00,16.733
2018-09-12 22:15:00,15.626
2018-09-12 22:00:00,16.059
2018-09-12 21:45:00,14.979
2018-09-12 21:30:00,15.719
2018-09-12 21:15:00,16.373
2018-09-12 21:00:00,15.599
2018-09-12 20:45:00,15.573
2018-09-12 20:30:00,16.819
2018-09-12 20:15:00,18.893
2018-09-12 20:00:00,17.893
2018-09-12 19:45:00,20.933
2018-09-12 19:30:00,22.253
2018-09-12 19:15:00,23.279
2018-09-12 19:00:00,23.026
2018-09-12 18:45:00,20.733
2018-09-12 18:30:00,21.233
2018-09-12 18:15:00,20.426
2018-09-12 18:00:00,21.066
2018-09-12 17:45:00,22.459
2018-09-12 17:30:00,20.846
2018-09-12 17:15:00,21.239
2018-09-12 17:00:00,23.139
2018-09-12 16:45:00,23.913
2018-09-12 16:30:00,25.366
2018-09-12 16:15:00,25.899
2018-09-12 16:00:00,33.306
2018-09-12 15:45:00,35.213
2018-09-12 15:30:00,29.966
2018-09-12 15:15:00,29.159
2018-09-12 15:00:00,29.526
2018-09-12 14:45:00,35.259
2018-09-12 14:30:00,40.513
2018-09-12 14:15:00,39.613
2018-09-12 14:00:00,8.873
2018-09-12 13:45:00,0.0
2018-09-12 13:30:00,0.0
2018-09-12 13:15:00,16.193
2018-09-12 13:00:00,10.033
2018-09-12 12:45:00,11.739
2018-09-12 12:30:00,19.799
2018-09-12 12:15:00,29.046
2018-09-12 12:00:00,18.946
2018-09-12 11:45:00,10.006
2018-09-12 11:30:00,8.819
2018-09-12 11:15:00,21.059
2018-09-12 11:00:00,9.239
2018-09-12 10:45:00,-4.526
2018-09-12 10:30:00,-3.339
2018-09-12 10:15:00,-2.593
2018-09-12 10:00:00,2.613
2018-09-12 09:45:00,8.239
2018-09-12 09:30:00,1.793
2018-09-12 09:15:00,10.066
2018-09-12 09:00:00,14.206
2018-09-12 08:45:00,14.499
2018-09-12 08:30:00,9.579
2018-09-12 08:15:00,7.213
2018-09-12 08:00:00,11.573
2018-09-12 07:45:00,12.419
2018-09-12 07:30:00,16.173
2018-09-12 07:15:00,16.359
2018-09-12 07:00:00,18.226
2018-09-12 06:45:00,14.819
2018-09-12 06:30:00,19.599
2018-09-12 06:15:00,22.119
2018-09-12 06:00:00,20.806
2018-09-12 05:45:00,17.286
2018-09-12 05:30:00,18.079
2018-09-12 05:15:00,20.553
2018-09-12 05:00:00,20.433
2018-09-12 04:45:00,20.726
2018-09-12 04:30:00,15.273
2018-09-12 04:15:00,19.864
2018-09-12 04:00:00,16.279
2018-09-12 03:45:00,8.506
2018-09-12 03:30:00,8.633
2018-09-12 03:15:00,10.906
2018-09-12 03:00:00,8.713
2018-09-12 02:45:00,8.826
2018-09-12 02:30:00,9.586
2018-09-12 02:15:00,10.913
2018-09-12 02:00:00,7.913
2018-09-12 01:45:00,9.233
2018-09-12 01:30:00,6.539
2018-09-12 01:15:00,9.853
2018-09-12 01:00:00,6.799
2018-09-12 00:45:00,6.166
2018-09-12 00:30:00,4.746
2018-09-12 00:15:00,5.386
2018-09-11 22:45:00,7.906
2018-09-11 22:30:00,7.793
2018-09-11 22:15:00,6.226
2018-09-11 22:00:00,5.966
2018-09-11 21:45:00,3.953
2018-09-11 21:30:00,3.666
2018-09-11 21:15:00,4.593
2018-09-11 21:00:00,2.593
2018-09-11 20:45:00,4.653
2018-09-11 20:30:00,8.159
2018-09-11 20:15:00,7.766
2018-09-11 20:00:00,8.459
2018-09-11 19:45:00,5.493
2018-09-11 19:30:00,5.993
2018-09-11 19:15:00,0.179
2018-09-11 19:00:00,-17.219
2018-09-11 18:45:00,-15.239
2018-09-11 18:30:00,-8.366
2018-09-11 18:15:00,-1.159
2018-09-11 18:00:00,-1.166
2018-09-11 17:45:00,1.073
2018-09-11 17:30:00,2.159
2018-09-11 17:15:00,1.719
2018-09-11 17:00:00,2.053
2018-09-11 16:45:00,1.833
2018-09-11 16:30:00,3.039
2018-09-11 16:15:00,1.739
2018-09-11 16:00:00,3.919
2018-09-11 15:45:00,4.113
2018-09-11 15:30:00,0.766
2018-09-11 15:15:00,1.993
2018-09-11 15:00:00,2.433
2018-09-11 14:45:00,4.686
2018-09-11 14:30:00,4.213
2018-09-11 14:15:00,2.579
2018-09-11 14:00:00,10.933
2018-09-11 13:45:00,9.939
2018-09-11 13:30:00,8.059
2018-09-11 13:15:00,21.039
2018-09-11 13:00:00,23.719
2018-09-11 12:45:00,3.786
2018-09-11 12:30:00,-1.539
2018-09-11 12:15:00,2.093
2018-09-11 12:00:00,-1.56
2018-09-11 11:45:00,14.993
2018-09-11 11:30:00,17.933
2018-09-11 11:15:00,31.433
2018-09-11 11:00:00,26.946
2018-09-11 10:45:00,24.046
2018-09-11 10:30:00,16.486
2018-09-11 10:15:00,15.539
2018-09-11 10:00:00,13.946
2018-09-11 09:45:00,13.553
2018-09-11 09:30:00,19.039
2018-09-11 09:15:00,16.893
2018-09-11 09:00:00,10.846
2018-09-11 08:45:00,13.166
2018-09-11 08:30:00,10.953
2018-09-11 08:15:00,7.319
2018-09-11 08:00:00,16.139
2018-09-11 07:45:00,10.866
2018-09-11 07:30:00,9.406
2018-09-11 07:15:00,11.246
2018-09-11 07:00:00,20.319
2018-09-11 06:45:00,19.139
2018-09-11 06:30:00,20.319
2018-09-11 06:15:00,20.286
2018-09-11 06:00:00,20.626
2018-09-11 05:45:00,21.486
2018-09-11 05:30:00,22.146
2018-09-11 05:15:00,17.186
2018-09-11 05:00:00,16.033
2018-09-11 04:45:00,14.739
2018-09-11 04:30:00,15.646
2018-09-11 04:15:00,17.099
2018-09-11 04:00:00,11.253
2018-09-11 03:45:00,11.419
2018-09-11 03:30:00,9.133
2018-09-11 03:15:00,9.779
2018-09-11 03:00:00,7.013
2018-09-11 02:45:00,7.473
2018-09-11 02:30:00,7.593
2018-09-11 02:15:00,6.306
2018-09-11 02:00:00,7.773
2018-09-11 01:45:00,7.573
2018-09-11 01:30:00,8.373
2018-09-11 01:15:00,8.019
2018-09-11 01:00:00,8.593
2018-09-11 00:45:00,8.026
2018-09-11 00:30:00,8.799
2018-09-11 00:15:00,10.059
2018-09-10 22:45:00,7.619
2018-09-10 22:30:00,8.553
2018-09-10 22:15:00,7.353
2018-09-10 22:00:00,6.879
2018-09-10 21:45:00,5.386
2018-09-10 21:30:00,5.786
2018-09-10 21:15:00,3.573
2018-09-10 21:00:00,4.753
2018-09-10 20:45:00,6.033
2018-09-10 20:30:00,7.506
2018-09-10 20:15:00,8.559
2018-09-10 20:00:00,8.846
2018-09-10 19:45:00,8.133
2018-09-10 19:30:00,5.253
2018-09-10 19:15:00,5.659
2018-09-10 19:00:00,4.339
2018-09-10 18:45:00,0.773
2018-09-10 18:30:00,-1.046
2018-09-10 18:15:00,2.719
2018-09-10 18:00:00,4.433
2018-09-10 17:45:00,5.919
2018-09-10 17:30:00,10.739
2018-09-10 17:15:00,9.466
2018-09-10 17:00:00,10.399
2018-09-10 16:45:00,2.606
2018-09-10 16:30:00,12.933
2018-09-10 16:15:00,5.319
2018-09-10 16:00:00,-9.119
2018-09-10 15:45:00,0.153
2018-09-10 15:30:00,1.973
2018-09-10 15:15:00,5.819
2018-09-10 15:00:00,3.853
2018-09-10 14:45:00,-0.426
2018-09-10 14:30:00,7.066
2018-09-10 14:15:00,7.613
2018-09-10 14:00:00,12.833
2018-09-10 13:45:00,15.599
2018-09-10 13:30:00,26.233
2018-09-10 13:15:00,14.779
2018-09-10 13:00:00,24.859
2018-09-10 12:45:00,29.999
2018-09-10 12:30:00,20.126
2018-09-10 12:15:00,23.986
2018-09-10 12:00:00,21.439
2018-09-10 11:45:00,10.013
2018-09-10 11:30:00,13.526
2018-09-10 11:15:00,-3.133
2018-09-10 11:00:00,2.873
2018-09-10 10:45:00,20.746
2018-09-10 10:30:00,28.746
2018-09-10 10:15:00,19.573
2018-09-10 10:00:00,10.553
2018-09-10 09:45:00,9.693
2018-09-10 09:30:00,27.299
2018-09-10 09:15:00,30.993
2018-09-10 09:00:00,22.666
2018-09-10 08:45:00,18.966
2018-09-10 08:30:00,17.706
2018-09-10 08:15:00,13.179
2018-09-10 08:00:00,11.266
2018-09-10 07:45:00,9.839
2018-09-10 07:30:00,15.039
2018-09-10 07:15:00,12.166
2018-09-10 07:00:00,10.539
2018-09-10 06:45:00,11.779
2018-09-10 06:30:00,21.486
2018-09-10 06:15:00,22.826
2018-09-10 06:00:00,11.633
2018-09-10 05:45:00,15.479
2018-09-10 05:30:00,19.006
2018-09-10 05:15:00,22.699
2018-09-10 05:00:00,20.759
2018-09-10 04:45:00,18.619
2018-09-10 04:30:00,13.299
2018-09-10 04:15:00,13.262
2018-09-10 04:00:00,12.933
2018-09-10 03:45:00,10.826
2018-09-10 03:30:00,12.293
2018-09-10 03:15:00,13.573
2018-09-10 03:00:00,10.459
2018-09-10 02:45:00,9.746
2018-09-10 02:30:00,10.559
2018-09-10 02:15:00,12.006
2018-09-10 02:00:00,12.659
2018-09-10 01:45:00,11.013
2018-09-10 01:30:00,12.166
2018-09-10 01:15:00,15.239
2018-09-10 01:00:00,15.893
2018-09-10 00:45:00,15.093
2018-09-10 00:30:00,12.393
2018-09-10 00:15:00,10.679
2018-09-09 22:45:00,9.559
2018-09-09 22:30:00,11.953
2018-09-09 22:15:00,8.666
2018-09-09 22:00:00,9.493
2018-09-09 21:45:00,7.219
2018-09-09 21:30:00,12.106
2018-09-09 21:15:00,13.453
2018-09-09 21:00:00,17.233
2018-09-09 20:45:00,19.486
2018-09-09 20:30:00,18.399
2018-09-09 20:15:00,17.999
2018-09-09 20:00:00,17.873
2018-09-09 19:45:00,19.566
2018-09-09 19:30:00,20.246
2018-09-09 19:15:00,15.633
2018-09-09 19:00:00,14.946
2018-09-09 18:45:00,14.799
2018-09-09 18:30:00,19.546
2018-09-09 18:15:00,21.926
2018-09-09 18:00:00,20.259
2018-09-09 17:45:00,16.686
2018-09-09 17:30:00,15.733
2018-09-09 17:15:00,24.173
2018-09-09 17:00:00,23.526
2018-09-09 16:45:00,19.839
2018-09-09 16:30:00,21.266
2018-09-09 16:15:00,24.746
2018-09-09 16:00:00,19.446
2018-09-09 15:45:00,17.739
2018-09-09 15:30:00,13.273
2018-09-09 15:15:00,15.573
2018-09-09 15:00:00,8.899
2018-09-09 14:45:00,5.919
2018-09-09 14:30:00,13.053
2018-09-09 14:15:00,20.439
2018-09-09 14:00:00,9.306
2018-09-09 13:45:00,3.953
2018-09-09 13:30:00,3.913
2018-09-09 13:15:00,13.719
2018-09-09 13:00:00,13.966
2018-09-09 12:45:00,7.493
2018-09-09 12:30:00,7.919
2018-09-09 12:15:00,16.626
2018-09-09 12:00:00,12.806
2018-09-09 11:45:00,6.159
2018-09-09 11:30:00,7.193
2018-09-09 11:15:00,10.146
2018-09-09 11:00:00,17.713
2018-09-09 10:45:00,7.493
2018-09-09 10:30:00,3.799
2018-09-09 10:15:00,19.199
2018-09-09 10:00:00,15.693
2018-09-09 09:45:00,-12.379
2018-09-09 09:30:00,7.186
2018-09-09 09:15:00,8.433
2018-09-09 09:00:00,4.586
2018-09-09 08:45:00,13.719
2018-09-09 08:30:00,11.799
2018-09-09 08:15:00,0.253
2018-09-09 08:00:00,10.113
2018-09-09 07:45:00,10.106
2018-09-09 07:30:00,7.513
2018-09-09 07:15:00,3.926
2018-09-09 07:00:00,6.019
2018-09-09 06:45:00,8.086
2018-09-09 06:30:00,6.453
2018-09-09 06:15:00,8.186
2018-09-09 06:00:00,10.773
2018-09-09 05:45:00,11.899
2018-09-09 05:30:00,11.419
2018-09-09 05:15:00,9.466
2018-09-09 05:00:00,8.419
2018-09-09 04:45:00,10.146
2018-09-09 04:30:00,9.466
2018-09-09 04:15:00,6.418
2018-09-09 04:00:00,7.579
2018-09-09 03:45:00,7.559
2018-09-09 03:30:00,7.459
2018-09-09 03:15:00,7.806
2018-09-09 03:00:00,8.419
2018-09-09 02:45:00,6.966
2018-09-09 02:30:00,7.726
2018-09-09 02:15:00,6.799
2018-09-09 02:00:00,7.386
2018-09-09 01:45:00,7.586
2018-09-09 01:30:00,7.593
2018-09-09 01:15:00,9.546
2018-09-09 01:00:00,10.919
2018-09-09 00:45:00,9.633
2018-09-09 00:30:00,9.566
2018-09-09 00:15:00,11.633
2018-09-08 22:45:00,9.159
2018-09-08 22:30:00,7.719
2018-09-08 22:15:00,8.379
2018-09-08 22:00:00,9.033
2018-09-08 21:45:00,9.779
2018-09-08 21:30:00,10.386
2018-09-08 21:15:00,9.873
2018-09-08 21:00:00,14.533
2018-09-08 20:45:00,12.233
2018-09-08 20:30:00,12.946
2018-09-08 20:15:00,15.859
2018-09-08 20:00:00,13.699
2018-09-08 19:45:00,13.093
2018-09-08 19:30:00,14.073
2018-09-08 19:15:00,17.599
2018-09-08 19:00:00,13.646
2018-09-08 18:45:00,15.239
2018-09-08 18:30:00,13.106
2018-09-08 18:15:00,16.313
2018-09-08 18:00:00,14.219
2018-09-08 17:45:00,17.453
2018-09-08 17:30:00,15.686
2018-09-08 17:15:00,15.373
2018-09-08 17:00:00,14.699
2018-09-08 16:45:00,9.479
2018-09-08 16:30:00,11.473
2018-09-08 16:15:00,11.799
2018-09-08 16:00:00,13.726
2018-09-08 15:45:00,9.253
2018-09-08 15:30:00,8.579
2018-09-08 15:15:00,6.873
2018-09-08 15:00:00,8.946
2018-09-08 14:45:00,3.299
2018-09-08 14:30:00,8.679
2018-09-08 14:15:00,7.579
2018-09-08 14:00:00,8.166
2018-09-08 13:45:00,12.599
2018-09-08 13:30:00,-1.279
2018-09-08 13:15:00,4.906
2018-09-08 13:00:00,-1.513
2018-09-08 12:45:00,-16.679
2018-09-08 12:30:00,-31.653
2018-09-08 12:15:00,-27.479
2018-09-08 12:00:00,9.873
2018-09-08 11:45:00,12.219
2018-09-08 11:30:00,11.826
2018-09-08 11:15:00,9.193
2018-09-08 11:00:00,9.293
2018-09-08 10:45:00,8.119
2018-09-08 10:30:00,4.773
2018-09-08 10:15:00,-10.466
2018-09-08 10:00:00,0.279
2018-09-08 09:45:00,-1.886
2018-09-08 09:30:00,0.046
2018-09-08 09:15:00,1.826
2018-09-08 09:00:00,-4.193
2018-09-08 08:45:00,-1.439
2018-09-08 08:30:00,-20.713
2018-09-08 08:15:00,-13.686
2018-09-08 08:00:00,11.573
2018-09-08 07:45:00,12.533
2018-09-08 07:30:00,18.266
2018-09-08 07:15:00,22.013
2018-09-08 07:00:00,22.519
2018-09-08 06:45:00,19.826
2018-09-08 06:30:00,20.073
2018-09-08 06:15:00,22.139
2018-09-08 06:00:00,20.219
2018-09-08 05:45:00,22.286
2018-09-08 05:30:00,24.559
2018-09-08 05:15:00,27.493
2018-09-08 05:00:00,22.826
2018-09-08 04:45:00,21.826
2018-09-08 04:30:00,22.519
2018-09-08 04:15:00,28.418
2018-09-08 04:00:00,30.939
2018-09-08 03:45:00,32.819
2018-09-08 03:30:00,30.366
2018-09-08 03:15:00,27.826
2018-09-08 03:00:00,27.693
2018-09-08 02:45:00,26.973
2018-09-08 02:30:00,27.179
2018-09-08 02:15:00,25.999
2018-09-08 02:00:00,28.913
2018-09-08 01:45:00,26.079
2018-09-08 01:30:00,29.739
2018-09-08 01:15:00,31.159
2018-09-08 01:00:00,28.533
2018-09-08 00:45:00,21.546
2018-09-08 00:30:00,29.879
2018-09-08 00:15:00,30.299
2018-09-07 22:45:00,32.593
2018-09-07 22:30:00,30.953
2018-09-07 22:15:00,33.846
2018-09-07 22:00:00,35.333
2018-09-07 21:45:00,36.166
2018-09-07 21:30:00,35.586
2018-09-07 21:15:00,34.866
2018-09-07 21:00:00,34.173
2018-09-07 20:45:00,33.273
2018-09-07 20:30:00,30.826
2018-09-07 20:15:00,32.619
2018-09-07 20:00:00,33.126
2018-09-07 19:45:00,30.266
2018-09-07 19:30:00,26.186
2018-09-07 19:15:00,22.893
2018-09-07 19:00:00,26.206
2018-09-07 18:45:00,26.373
2018-09-07 18:30:00,29.079
2018-09-07 18:15:00,32.266
2018-09-07 18:00:00,31.559
2018-09-07 17:45:00,29.526
2018-09-07 17:30:00,21.759
2018-09-07 17:15:00,11.626
2018-09-07 17:00:00,17.006
2018-09-07 16:45:00,27.259
2018-09-07 16:30:00,35.306
2018-09-07 16:15:00,35.213
2018-09-07 16:00:00,35.573
2018-09-07 15:45:00,31.606
2018-09-07 15:30:00,32.633
2018-09-07 15:15:00,21.566
2018-09-07 15:00:00,21.246
2018-09-07 14:45:00,18.033
2018-09-07 14:30:00,16.906
2018-09-07 14:15:00,20.679
2018-09-07 14:00:00,23.326
2018-09-07 13:45:00,19.913
2018-09-07 13:30:00,20.073
2018-09-07 13:15:00,23.133
2018-09-07 13:00:00,23.393
2018-09-07 12:45:00,27.539
2018-09-07 12:30:00,29.206
2018-09-07 12:15:00,30.486
2018-09-07 12:00:00,31.513
2018-09-07 11:45:00,30.786
2018-09-07 11:30:00,27.366
2018-09-07 11:15:00,27.799
2018-09-07 11:00:00,19.886
2018-09-07 10:45:00,17.079
2018-09-07 10:30:00,18.406
2018-09-07 10:15:00,21.739
2018-09-07 10:00:00,27.053
2018-09-07 09:45:00,28.993
2018-09-07 09:30:00,27.259
2018-09-07 09:15:00,16.486
2018-09-07 09:00:00,19.166
2018-09-07 08:45:00,23.913
2018-09-07 08:30:00,27.666
2018-09-07 08:15:00,23.519
2018-09-07 08:00:00,18.046
2018-09-07 07:45:00,15.953
2018-09-07 07:30:00,16.213
2018-09-07 07:15:00,17.879
2018-09-07 07:00:00,19.253
2018-09-07 06:45:00,19.286
2018-09-07 06:30:00,14.653
2018-09-07 06:15:00,18.426
2018-09-07 06:00:00,17.693
2018-09-07 05:45:00,15.853
2018-09-07 05:30:00,19.866
2018-09-07 05:15:00,17.219
2018-09-07 05:00:00,16.526
2018-09-07 04:45:00,16.499
2018-09-07 04:30:00,17.926
2018-09-07 04:15:00,15.018
2018-09-07 04:00:00,10.579
2018-09-07 03:45:00,9.459
2018-09-07 03:30:00,6.513
2018-09-07 03:15:00,4.733
2018-09-07 03:00:00,5.526
2018-09-07 02:45:00,9.573
2018-09-07 02:30:00,14.719
2018-09-07 02:15:00,7.853
2018-09-07 02:00:00,6.806
2018-09-07 01:45:00,6.726
2018-09-07 01:30:00,5.266
2018-09-07 01:15:00,7.653
2018-09-07 01:00:00,7.033
2018-09-07 00:45:00,9.293
2018-09-07 00:30:00,11.159
2018-09-07 00:15:00,16.119
2018-09-06 22:45:00,8.386
2018-09-06 22:30:00,8.533
2018-09-06 22:15:00,9.919
2018-09-06 22:00:00,16.226
2018-09-06 21:45:00,14.746
2018-09-06 21:30:00,15.446
2018-09-06 21:15:00,17.686
2018-09-06 21:00:00,13.266
2018-09-06 20:45:00,12.566
2018-09-06 20:30:00,11.119
2018-09-06 20:15:00,8.246
2018-09-06 20:00:00,9.093
2018-09-06 19:45:00,6.833
2018-09-06 19:30:00,9.213
2018-09-06 19:15:00,11.673
2018-09-06 19:00:00,14.279
2018-09-06 18:45:00,13.106
2018-09-06 18:30:00,12.259
2018-09-06 18:15:00,11.733
2018-09-06 18:00:00,12.726
2018-09-06 17:45:00,11.193
2018-09-06 17:30:00,9.073
2018-09-06 17:15:00,9.379
2018-09-06 17:00:00,5.233
2018-09-06 16:45:00,10.706
2018-09-06 16:30:00,15.046
2018-09-06 16:15:00,1.34
2018-09-06 16:00:00,6.966
2018-09-06 15:45:00,15.953
2018-09-06 15:30:00,16.099
2018-09-06 15:15:00,7.446
2018-09-06 15:00:00,13.006
2018-09-06 14:45:00,18.046
2018-09-06 14:30:00,12.506
2018-09-06 14:15:00,15.753
2018-09-06 14:00:00,25.799
2018-09-06 13:45:00,24.499
2018-09-06 13:30:00,12.039
2018-09-06 13:15:00,13.106
2018-09-06 13:00:00,16.626
2018-09-06 12:45:00,11.793
2018-09-06 12:30:00,12.073
2018-09-06 12:15:00,18.806
2018-09-06 12:00:00,17.839
2018-09-06 11:45:00,7.719
2018-09-06 11:30:00,9.239
2018-09-06 11:15:00,14.153
2018-09-06 11:00:00,5.119
2018-09-06 10:45:00,9.193
2018-09-06 10:30:00,3.879
2018-09-06 10:15:00,-1.366
2018-09-06 10:00:00,8.979
2018-09-06 09:45:00,8.013
2018-09-06 09:30:00,10.459
2018-09-06 09:15:00,13.633
2018-09-06 09:00:00,8.459
2018-09-06 08:45:00,15.099
2018-09-06 08:30:00,15.446
2018-09-06 08:15:00,15.046
2018-09-06 08:00:00,12.239
2018-09-06 07:45:00,8.379
2018-09-06 07:30:00,11.539
2018-09-06 07:15:00,13.053
2018-09-06 07:00:00,20.093
2018-09-06 06:45:00,24.559
2018-09-06 06:30:00,19.839
2018-09-06 06:15:00,19.113
2018-09-06 06:00:00,21.466
2018-09-06 05:45:00,20.259
2018-09-06 05:30:00,17.366
2018-09-06 05:15:00,21.779
2018-09-06 05:00:00,18.133
2018-09-06 04:45:00,19.513
2018-09-06 04:30:00,18.266
2018-09-06 04:15:00,16.418
2018-09-06 04:00:00,15.973
2018-09-06 03:45:00,14.339
2018-09-06 03:30:00,13.386
2018-09-06 03:15:00,10.373
2018-09-06 03:00:00,11.486
2018-09-06 02:45:00,7.119
2018-09-06 02:30:00,8.093
2018-09-06 02:15:00,8.486
2018-09-06 02:00:00,6.273
2018-09-06 01:45:00,5.479
2018-09-06 01:30:00,7.119
2018-09-06 01:15:00,4.953
2018-09-06 01:00:00,6.893
2018-09-06 00:45:00,5.753
2018-09-06 00:30:00,10.526
2018-09-06 00:15:00,7.713
2018-09-05 22:45:00,7.773
2018-09-05 22:30:00,8.186
2018-09-05 22:15:00,7.666
2018-09-05 22:00:00,8.546
2018-09-05 21:45:00,8.913
2018-09-05 21:30:00,9.233
2018-09-05 21:15:00,6.479
2018-09-05 21:00:00,8.726
2018-09-05 20:45:00,13.326
2018-09-05 20:30:00,10.639
2018-09-05 20:15:00,16.433
2018-09-05 20:00:00,19.313
2018-09-05 19:45:00,18.799
2018-09-05 19:30:00,15.406
2018-09-05 19:15:00,15.346
2018-09-05 19:00:00,17.866
2018-09-05 18:45:00,24.206
2018-09-05 18:30:00,22.539
2018-09-05 18:15:00,29.419
2018-09-05 18:00:00,29.946
2018-09-05 17:45:00,33.833
2018-09-05 17:30:00,42.339
2018-09-05 17:15:00,24.639
2018-09-05 17:00:00,22.279
2018-09-05 16:45:00,24.166
2018-09-05 16:30:00,27.573
2018-09-05 16:15:00,28.466
2018-09-05 16:00:00,24.139
2018-09-05 15:45:00,24.933
2018-09-05 15:30:00,33.799
2018-09-05 15:15:00,32.059
2018-09-05 15:00:00,18.033
2018-09-05 14:45:00,14.926
2018-09-05 14:30:00,19.306
2018-09-05 14:15:00,17.833
2018-09-05 14:00:00,17.699
2018-09-05 13:45:00,13.626
2018-09-05 13:30:00,16.879
2018-09-05 13:15:00,5.126
2018-09-05 13:00:00,26.873
2018-09-05 12:45:00,88.053
2018-09-05 12:30:00,66.493
2018-09-05 12:15:00,47.126
2018-09-05 12:00:00,21.759
2018-09-05 11:45:00,37.199
2018-09-05 11:30:00,40.493
2018-09-05 11:15:00,10.366
2018-09-05 11:00:00,14.826
2018-09-05 10:45:00,10.213
2018-09-05 10:30:00,2.866
2018-09-05 10:15:00,10.126
2018-09-05 10:00:00,17.973
2018-09-05 09:45:00,15.166
2018-09-05 09:30:00,19.606
2018-09-05 09:15:00,24.326
2018-09-05 09:00:00,20.266
2018-09-05 08:45:00,28.386
2018-09-05 08:30:00,37.439
2018-09-05 08:15:00,27.999
2018-09-05 08:00:00,22.599
2018-09-05 07:45:00,34.213
2018-09-05 07:30:00,41.653
2018-09-05 07:15:00,51.213
2018-09-05 07:00:00,49.339
2018-09-05 06:45:00,47.473
2018-09-05 06:30:00,42.939
2018-09-05 06:15:00,43.299
2018-09-05 06:00:00,45.813
2018-09-05 05:45:00,43.273
2018-09-05 05:30:00,42.893
2018-09-05 05:15:00,31.519
2018-09-05 05:00:00,26.679
2018-09-05 04:45:00,21.093
2018-09-05 04:30:00,24.473
2018-09-05 04:15:00,20.843
2018-09-05 04:00:00,17.913
2018-09-05 03:45:00,15.966
2018-09-05 03:30:00,11.199
2018-09-05 03:15:00,7.253
2018-09-05 03:00:00,4.699
2018-09-05 02:45:00,3.939
2018-09-05 02:30:00,9.093
2018-09-05 02:15:00,10.393
2018-09-05 02:00:00,10.839
2018-09-05 01:45:00,10.513
2018-09-05 01:30:00,4.839
2018-09-05 01:15:00,4.386
2018-09-05 01:00:00,8.359
2018-09-05 00:45:00,9.226
2018-09-05 00:30:00,13.533
2018-09-05 00:15:00,12.106
2018-09-04 22:45:00,17.386
2018-09-04 22:30:00,16.519
2018-09-04 22:15:00,20.219
2018-09-04 22:00:00,16.006
2018-09-04 21:45:00,13.446
2018-09-04 21:30:00,20.753
2018-09-04 21:15:00,13.806
2018-09-04 21:00:00,15.986
2018-09-04 20:45:00,17.066
2018-09-04 20:30:00,18.613
2018-09-04 20:15:00,15.966
2018-09-04 20:00:00,22.379
2018-09-04 19:45:00,23.979
2018-09-04 19:30:00,26.453
2018-09-04 19:15:00,24.959
2018-09-04 19:00:00,23.386
2018-09-04 18:45:00,33.986
2018-09-04 18:30:00,40.019
2018-09-04 18:15:00,26.819
2018-09-04 18:00:00,26.546
2018-09-04 17:45:00,23.426
2018-09-04 17:30:00,12.619
2018-09-04 17:15:00,7.913
2018-09-04 17:00:00,10.586
2018-09-04 16:45:00,14.839
2018-09-04 16:30:00,23.659
2018-09-04 16:15:00,19.579
2018-09-04 16:00:00,18.953
2018-09-04 15:45:00,19.839
2018-09-04 15:30:00,18.259
2018-09-04 15:15:00,12.059
2018-09-04 15:00:00,11.733
2018-09-04 14:45:00,16.153
2018-09-04 14:30:00,19.186
2018-09-04 14:15:00,18.806
2018-09-04 14:00:00,15.273
2018-09-04 13:45:00,15.613
2018-09-04 13:30:00,20.819
2018-09-04 13:15:00,16.133
2018-09-04 13:00:00,15.219
2018-09-04 12:45:00,10.973
2018-09-04 12:30:00,9.479
2018-09-04 12:15:00,14.866
2018-09-04 12:00:00,9.519
2018-09-04 11:45:00,14.199
2018-09-04 11:30:00,22.946
2018-09-04 11:15:00,27.013
2018-09-04 11:00:00,22.333
2018-09-04 10:45:00,22.553
2018-09-04 10:30:00,16.999
2018-09-04 10:15:00,7.333
2018-09-04 10:00:00,10.893
2018-09-04 09:45:00,20.859
2018-09-04 09:30:00,4.273
2018-09-04 09:15:00,9.373
2018-09-04 09:00:00,17.533
2018-09-04 08:45:00,15.259
2018-09-04 08:30:00,15.406
2018-09-04 08:15:00,3.399
2018-09-04 08:00:00,12.579
2018-09-04 07:45:00,19.193
2018-09-04 07:30:00,27.413
2018-09-04 07:15:00,32.159
2018-09-04 07:00:00,40.773
2018-09-04 06:45:00,41.746
2018-09-04 06:30:00,49.933
2018-09-04 06:15:00,54.913
2018-09-04 06:00:00,49.799
2018-09-04 05:45:00,40.453
2018-09-04 05:30:00,28.879
2018-09-04 05:15:00,25.813
2018-09-04 05:00:00,24.866
2018-09-04 04:45:00,19.606
2018-09-04 04:30:00,11.633
2018-09-04 04:15:00,17.874
2018-09-04 04:00:00,11.846
2018-09-04 03:45:00,9.839
2018-09-04 03:30:00,6.239
2018-09-04 03:15:00,9.999
2018-09-04 03:00:00,6.259
2018-09-04 02:45:00,5.813
2018-09-04 02:30:00,3.433
2018-09-04 02:15:00,3.346
2018-09-04 02:00:00,3.093
2018-09-04 01:45:00,1.819
2018-09-04 01:30:00,4.326
2018-09-04 01:15:00,6.093
2018-09-04 01:00:00,3.859
2018-09-04 00:45:00,3.493
2018-09-04 00:30:00,4.113
2018-09-04 00:15:00,3.753
2018-09-03 22:45:00,8.826
2018-09-03 22:30:00,13.113
2018-09-03 22:15:00,15.326
2018-09-03 22:00:00,13.499
2018-09-03 21:45:00,15.699
2018-09-03 21:30:00,15.659
2018-09-03 21:15:00,13.986
2018-09-03 21:00:00,11.193
2018-09-03 20:45:00,7.746
2018-09-03 20:30:00,10.373
2018-09-03 20:15:00,11.813
2018-09-03 20:00:00,13.786
2018-09-03 19:45:00,10.493
2018-09-03 19:30:00,10.559
2018-09-03 19:15:00,8.666
2018-09-03 19:00:00,8.806
2018-09-03 18:45:00,9.693
2018-09-03 18:30:00,6.006
2018-09-03 18:15:00,8.933
2018-09-03 18:00:00,13.953
2018-09-03 17:45:00,9.093
2018-09-03 17:30:00,11.153
2018-09-03 17:15:00,10.806
2018-09-03 17:00:00,9.899
2018-09-03 16:45:00,38.019
2018-09-03 16:30:00,23.866
2018-09-03 16:15:00,11.733
2018-09-03 16:00:00,12.599
2018-09-03 15:45:00,-3.153
2018-09-03 15:30:00,2.539
2018-09-03 15:15:00,5.059
2018-09-03 15:00:00,8.446
2018-09-03 14:45:00,8.706
2018-09-03 14:30:00,14.773
2018-09-03 14:15:00,6.126
2018-09-03 14:00:00,0.939
2018-09-03 13:45:00,21.646
2018-09-03 13:30:00,18.599
2018-09-03 13:15:00,28.986
2018-09-03 13:00:00,40.493
2018-09-03 12:45:00,10.953
2018-09-03 12:30:00,9.246
2018-09-03 12:15:00,13.466
2018-09-03 12:00:00,-6.386
2018-09-03 11:45:00,15.386
2018-09-03 11:30:00,5.466
2018-09-03 11:15:00,-0.073
2018-09-03 11:00:00,-3.5
2018-09-03 10:45:00,-6.653
2018-09-03 10:30:00,2.973
2018-09-03 10:15:00,5.759
2018-09-03 10:00:00,6.139
2018-09-03 09:45:00,9.226
2018-09-03 09:30:00,8.066
2018-09-03 09:15:00,5.026
2018-09-03 09:00:00,1.586
2018-09-03 08:45:00,8.886
2018-09-03 08:30:00,20.706
2018-09-03 08:15:00,4.613
2018-09-03 08:00:00,13.179
2018-09-03 07:45:00,16.926
2018-09-03 07:30:00,32.779
2018-09-03 07:15:00,31.819
2018-09-03 07:00:00,31.233
2018-09-03 06:45:00,29.053
2018-09-03 06:30:00,26.093
2018-09-03 06:15:00,29.406
2018-09-03 06:00:00,35.326
2018-09-03 05:45:00,33.486
2018-09-03 05:30:00,32.559
2018-09-03 05:15:00,34.206
2018-09-03 05:00:00,30.966
2018-09-03 04:45:00,24.299
2018-09-03 04:30:00,17.926
2018-09-03 04:15:00,20.681
2018-09-03 04:00:00,12.426
2018-09-03 03:45:00,10.039
2018-09-03 03:30:00,7.946
2018-09-03 03:15:00,10.106
2018-09-03 03:00:00,5.753
2018-09-03 02:45:00,8.619
2018-09-03 02:30:00,8.246
2018-09-03 02:15:00,7.593
2018-09-03 02:00:00,7.373
2018-09-03 01:45:00,6.593
2018-09-03 01:30:00,2.399
2018-09-03 01:15:00,0.7
2018-09-03 01:00:00,4.613
2018-09-03 00:45:00,4.873
2018-09-03 00:30:00,6.366
2018-09-03 00:15:00,6.733
2018-09-02 22:45:00,9.593
2018-09-02 22:30:00,10.613
2018-09-02 22:15:00,10.799
2018-09-02 22:00:00,14.933
2018-09-02 21:45:00,15.499
2018-09-02 21:30:00,15.073
2018-09-02 21:15:00,5.633
2018-09-02 21:00:00,6.839
2018-09-02 20:45:00,9.633
2018-09-02 20:30:00,14.366
2018-09-02 20:15:00,15.206
2018-09-02 20:00:00,14.693
2018-09-02 19:45:00,19.179
2018-09-02 19:30:00,20.173
2018-09-02 19:15:00,27.699
2018-09-02 19:00:00,30.993
2018-09-02 18:45:00,29.813
2018-09-02 18:30:00,26.066
2018-09-02 18:15:00,28.513
2018-09-02 18:00:00,29.293
2018-09-02 17:45:00,27.973
2018-09-02 17:30:00,30.366
2018-09-02 17:15:00,17.253
2018-09-02 17:00:00,19.359
2018-09-02 16:45:00,18.613
2018-09-02 16:30:00,21.606
2018-09-02 16:15:00,11.033
2018-09-02 16:00:00,13.899
2018-09-02 15:45:00,12.086
2018-09-02 15:30:00,10.146
2018-09-02 15:15:00,9.979
2018-09-02 15:00:00,15.346
2018-09-02 14:45:00,19.213
2018-09-02 14:30:00,11.806
2018-09-02 14:15:00,6.219
2018-09-02 14:00:00,9.833
2018-09-02 13:45:00,12.133
2018-09-02 13:30:00,15.339
2018-09-02 13:15:00,20.213
2018-09-02 13:00:00,33.193
2018-09-02 12:45:00,8.586
2018-09-02 12:30:00,9.373
2018-09-02 12:15:00,27.779
2018-09-02 12:00:00,29.473
2018-09-02 11:45:00,13.553
2018-09-02 11:30:00,13.273
2018-09-02 11:15:00,14.059
2018-09-02 11:00:00,15.433
2018-09-02 10:45:00,12.913
2018-09-02 10:30:00,15.739
2018-09-02 10:15:00,13.239
2018-09-02 10:00:00,8.959
2018-09-02 09:45:00,6.926
2018-09-02 09:30:00,10.633
2018-09-02 09:15:00,3.606
2018-09-02 09:00:00,11.059
2018-09-02 08:45:00,8.859
2018-09-02 08:30:00,11.473
2018-09-02 08:15:00,13.946
2018-09-02 08:00:00,6.106
2018-09-02 07:45:00,7.753
2018-09-02 07:30:00,14.479
2018-09-02 07:15:00,7.306
2018-09-02 07:00:00,7.113
2018-09-02 06:45:00,9.486
2018-09-02 06:30:00,11.033
2018-09-02 06:15:00,17.746
2018-09-02 06:00:00,18.846
2018-09-02 05:45:00,15.366
2018-09-02 05:30:00,9.579
2018-09-02 05:15:00,9.979
2018-09-02 05:00:00,12.199
2018-09-02 04:45:00,11.626
2018-09-02 04:30:00,6.853
2018-09-02 04:15:00,5.212
2018-09-02 04:00:00,3.953
2018-09-02 03:45:00,2.666
2018-09-02 03:30:00,3.079
2018-09-02 03:15:00,4.333
2018-09-02 03:00:00,5.913
2018-09-02 02:45:00,2.226
2018-09-02 02:30:00,4.979
2018-09-02 02:15:00,4.879
2018-09-02 02:00:00,5.513
2018-09-02 01:45:00,6.919
2018-09-02 01:30:00,5.559
2018-09-02 01:15:00,8.306
2018-09-02 01:00:00,7.893
2018-09-02 00:45:00,6.979
2018-09-02 00:30:00,11.726
2018-09-02 00:15:00,12.026
2018-09-01 22:45:00,9.166
2018-09-01 22:30:00,7.319
2018-09-01 22:15:00,12.059
2018-09-01 22:00:00,11.206
2018-09-01 21:45:00,15.826
2018-09-01 21:30:00,11.239
2018-09-01 21:15:00,13.759
2018-09-01 21:00:00,14.313
2018-09-01 20:45:00,12.986
2018-09-01 20:30:00,15.279
2018-09-01 20:15:00,14.419
2018-09-01 20:00:00,15.199
2018-09-01 19:45:00,14.986
2018-09-01 19:30:00,13.253
2018-09-01 19:15:00,17.806
2018-09-01 19:00:00,19.586
2018-09-01 18:45:00,20.439
2018-09-01 18:30:00,19.586
2018-09-01 18:15:00,22.019
2018-09-01 18:00:00,24.273
2018-09-01 17:45:00,28.186
2018-09-01 17:30:00,28.366
2018-09-01 17:15:00,23.606
2018-09-01 17:00:00,20.499
2018-09-01 16:45:00,15.853
2018-09-01 16:30:00,19.179
2018-09-01 16:15:00,18.713
2018-09-01 16:00:00,9.446
2018-09-01 15:45:00,13.919
2018-09-01 15:30:00,14.426
2018-09-01 15:15:00,11.266
2018-09-01 15:00:00,8.599
2018-09-01 14:45:00,12.206
2018-09-01 14:30:00,14.173
2018-09-01 14:15:00,9.693
2018-09-01 14:00:00,11.373
2018-09-01 13:45:00,12.926
2018-09-01 13:30:00,16.753
2018-09-01 13:15:00,19.093
2018-09-01 13:00:00,12.993
2018-09-01 12:45:00,14.419
2018-09-01 12:30:00,13.386
2018-09-01 12:15:00,11.573
2018-09-01 12:00:00,10.073
2018-09-01 11:45:00,10.053
2018-09-01 11:30:00,18.273
2018-09-01 11:15:00,14.566
2018-09-01 11:00:00,15.279
2018-09-01 10:45:00,18.433
2018-09-01 10:30:00,19.846
2018-09-01 10:15:00,17.713
2018-09-01 10:00:00,20.766
2018-09-01 09:45:00,17.566
2018-09-01 09:30:00,16.466
2018-09-01 09:15:00,15.699
2018-09-01 09:00:00,14.273
2018-09-01 08:45:00,10.939
2018-09-01 08:30:00,12.013
2018-09-01 08:15:00,11.593
2018-09-01 08:00:00,10.833
2018-09-01 07:45:00,4.626
2018-09-01 07:30:00,7.373
2018-09-01 07:15:00,7.726
2018-09-01 07:00:00,6.326
2018-09-01 06:45:00,4.839
2018-09-01 06:30:00,4.006
2018-09-01 06:15:00,6.533
2018-09-01 06:00:00,2.459
2018-09-01 05:45:00,1.073
2018-09-01 05:30:00,4.526
2018-09-01 05:15:00,2.693
2018-09-01 05:00:00,3.553
2018-09-01 04:45:00,4.053
2018-09-01 04:30:00,4.906
2018-09-01 04:15:00,6.074
2018-09-01 04:00:00,3.946
2018-09-01 03:45:00,3.326
2018-09-01 03:30:00,2.059
2018-09-01 03:15:00,3.846
2018-09-01 03:00:00,3.139
2018-09-01 02:45:00,3.319
2018-09-01 02:30:00,4.166
2018-09-01 02:15:00,4.386
2018-09-01 02:00:00,4.679
2018-09-01 01:45:00,4.766
2018-09-01 01:30:00,4.533
2018-09-01 01:15:00,3.733
2018-09-01 01:00:00,3.219
2018-09-01 00:45:00,3.779
2018-09-01 00:30:00,3.699
2018-09-01 00:15:00,4.719
